<?xml version="1.0" encoding="UTF-8"?>
<questestinterop xmlns="http://www.imsglobal.org/xsd/ims_qtiasiv1p2" xmlns:xsi="http://www.w3.org/2001/XMLSchema-instance" xsi:schemaLocation="http://www.imsglobal.org/xsd/ims_qtiasiv1p2 http://www.imsglobal.org/xsd/ims_qtiasiv1p2p1.xsd">
  <assessment ident="text2qti_assessment_ec5f3104af4dcfa9e370c86bf170bcc82ef9082e9df5e2b10d8d65376760b250" title="Quiz 1 - Entity Relation Models">
    <qtimetadata>
      <qtimetadatafield>
        <fieldlabel>cc_maxattempts</fieldlabel>
        <fieldentry>1</fieldentry>
      </qtimetadatafield>
    </qtimetadata>
    <section ident="root_section">
      <item ident="text2qti_question_9a11fc12b82c51088c0ffaa5bcc09ae71d327ead6718402857149a5550451103" title="Question">
        <itemmetadata>
          <qtimetadata>
            <qtimetadatafield>
              <fieldlabel>question_type</fieldlabel>
              <fieldentry>multiple_choice_question</fieldentry>
            </qtimetadatafield>
            <qtimetadatafield>
              <fieldlabel>points_possible</fieldlabel>
              <fieldentry>1</fieldentry>
            </qtimetadatafield>
            <qtimetadatafield>
              <fieldlabel>original_answer_ids</fieldlabel>
              <fieldentry>text2qti_choice_845f0cdb0384c7b0cf3fa9e70603e1d42c16ff9cd2597017e4e9aa1501e67075,text2qti_choice_3cb5a99c7a7eb8803428f7f1948a554d699dfa439083a0e0e7510928f78794c0</fieldentry>
            </qtimetadatafield>
            <qtimetadatafield>
              <fieldlabel>assessment_question_identifierref</fieldlabel>
              <fieldentry>text2qti_question_ref_9a11fc12b82c51088c0ffaa5bcc09ae71d327ead6718402857149a5550451103</fieldentry>
            </qtimetadatafield>
          </qtimetadata>
        </itemmetadata>
        <presentation>
          <material>
            <mattext texttype="text/html">&lt;p&gt;Sample true or false.&lt;/p&gt;</mattext>
          </material>
          <response_lid ident="response1" rcardinality="Single">
            <render_choice>
              <response_label ident="text2qti_choice_845f0cdb0384c7b0cf3fa9e70603e1d42c16ff9cd2597017e4e9aa1501e67075">
                <material>
                  <mattext texttype="text/html">&lt;p&gt;Star Wars&lt;/p&gt;</mattext>
                </material>
              </response_label>
              <response_label ident="text2qti_choice_3cb5a99c7a7eb8803428f7f1948a554d699dfa439083a0e0e7510928f78794c0">
                <material>
                  <mattext texttype="text/html">&lt;p&gt;Star Trek&lt;/p&gt;</mattext>
                </material>
              </response_label>
            </render_choice>
          </response_lid>
        </presentation>
        <resprocessing>
          <outcomes>
            <decvar maxvalue="100" minvalue="0" varname="SCORE" vartype="Decimal"/>
          </outcomes>
          <respcondition continue="No">
            <conditionvar>
              <varequal respident="response1">text2qti_choice_845f0cdb0384c7b0cf3fa9e70603e1d42c16ff9cd2597017e4e9aa1501e67075</varequal>
            </conditionvar>
            <setvar action="Set" varname="SCORE">100</setvar>
          </respcondition>
        </resprocessing>
      </item>
      <item ident="text2qti_question_3a1a29d60f7c88d9ae2464cdf218f03aeac64c436725ee8c1bbaeca02c0bfed2" title="Question">
        <itemmetadata>
          <qtimetadata>
            <qtimetadatafield>
              <fieldlabel>question_type</fieldlabel>
              <fieldentry>multiple_choice_question</fieldentry>
            </qtimetadatafield>
            <qtimetadatafield>
              <fieldlabel>points_possible</fieldlabel>
              <fieldentry>1</fieldentry>
            </qtimetadatafield>
            <qtimetadatafield>
              <fieldlabel>original_answer_ids</fieldlabel>
              <fieldentry>text2qti_choice_22d4f62a534938389538c422830c0edaa5781327241ccf1f3f91a9698601b5cf,text2qti_choice_9d369c03003fae6c6d88c6b2d924386be6c582da04b7157dfdb8752657c5eb42,text2qti_choice_ee90347bf8a240d41757c19ee862dfaf9ca75841ee535dd59455e1547aab2a73,text2qti_choice_9ddaf6f9282c0f04d058b8fbc42265ad1443095bc7d4c91eac0c166deb8586a2</fieldentry>
            </qtimetadatafield>
            <qtimetadatafield>
              <fieldlabel>assessment_question_identifierref</fieldlabel>
              <fieldentry>text2qti_question_ref_3a1a29d60f7c88d9ae2464cdf218f03aeac64c436725ee8c1bbaeca02c0bfed2</fieldentry>
            </qtimetadatafield>
          </qtimetadata>
        </itemmetadata>
        <presentation>
          <material>
            <mattext texttype="text/html">&lt;p&gt;Sample Multiple choice:&lt;/p&gt;</mattext>
          </material>
          <response_lid ident="response1" rcardinality="Single">
            <render_choice>
              <response_label ident="text2qti_choice_22d4f62a534938389538c422830c0edaa5781327241ccf1f3f91a9698601b5cf">
                <material>
                  <mattext texttype="text/html">&lt;p&gt;answer 1&lt;/p&gt;</mattext>
                </material>
              </response_label>
              <response_label ident="text2qti_choice_9d369c03003fae6c6d88c6b2d924386be6c582da04b7157dfdb8752657c5eb42">
                <material>
                  <mattext texttype="text/html">&lt;p&gt;answer 2&lt;/p&gt;</mattext>
                </material>
              </response_label>
              <response_label ident="text2qti_choice_ee90347bf8a240d41757c19ee862dfaf9ca75841ee535dd59455e1547aab2a73">
                <material>
                  <mattext texttype="text/html">&lt;p&gt;answer 3&lt;/p&gt;</mattext>
                </material>
              </response_label>
              <response_label ident="text2qti_choice_9ddaf6f9282c0f04d058b8fbc42265ad1443095bc7d4c91eac0c166deb8586a2">
                <material>
                  <mattext texttype="text/html">&lt;p&gt;answer 4&lt;/p&gt;</mattext>
                </material>
              </response_label>
            </render_choice>
          </response_lid>
        </presentation>
        <resprocessing>
          <outcomes>
            <decvar maxvalue="100" minvalue="0" varname="SCORE" vartype="Decimal"/>
          </outcomes>
          <respcondition continue="No">
            <conditionvar>
              <varequal respident="response1">text2qti_choice_ee90347bf8a240d41757c19ee862dfaf9ca75841ee535dd59455e1547aab2a73</varequal>
            </conditionvar>
            <setvar action="Set" varname="SCORE">100</setvar>
          </respcondition>
        </resprocessing>
      </item>
      <item ident="text2qti_question_565f8eed62922e7cc1fe4d3e0b4d1dacdb54a54ac296069f16bfae1fcb8b2d20" title="Question">
        <itemmetadata>
          <qtimetadata>
            <qtimetadatafield>
              <fieldlabel>question_type</fieldlabel>
              <fieldentry>multiple_answers_question</fieldentry>
            </qtimetadatafield>
            <qtimetadatafield>
              <fieldlabel>points_possible</fieldlabel>
              <fieldentry>1</fieldentry>
            </qtimetadatafield>
            <qtimetadatafield>
              <fieldlabel>original_answer_ids</fieldlabel>
              <fieldentry>text2qti_choice_65b7008c4869ea8620e91bd6da87dc8eece4bd75d36d0b6e593b8712a7b86b38,text2qti_choice_5935d4bbe3777cf9c93919a837d421acc2f07c6574531395d3dbcc73438462f3,text2qti_choice_187f121807b77bded8e360f886781d54a93a7b1591ce12ceb06a6846e6556aa9,text2qti_choice_f9ecd998c069d5999103cd8bd47a0b0bc12c4defc7ccd7d6432243b586b08446,text2qti_choice_f27c1c164f5063e96b2d05d5f090dd1b4fdce8d4b6af3b8facef02ee2f9e0715</fieldentry>
            </qtimetadatafield>
            <qtimetadatafield>
              <fieldlabel>assessment_question_identifierref</fieldlabel>
              <fieldentry>text2qti_question_ref_565f8eed62922e7cc1fe4d3e0b4d1dacdb54a54ac296069f16bfae1fcb8b2d20</fieldentry>
            </qtimetadatafield>
          </qtimetadata>
        </itemmetadata>
        <presentation>
          <material>
            <mattext texttype="text/html">&lt;p&gt;Sample multiple answer:&lt;/p&gt;</mattext>
          </material>
          <response_lid ident="response1" rcardinality="Multiple">
            <render_choice>
              <response_label ident="text2qti_choice_65b7008c4869ea8620e91bd6da87dc8eece4bd75d36d0b6e593b8712a7b86b38">
                <material>
                  <mattext texttype="text/html">&lt;p&gt;response 1&lt;/p&gt;</mattext>
                </material>
              </response_label>
              <response_label ident="text2qti_choice_5935d4bbe3777cf9c93919a837d421acc2f07c6574531395d3dbcc73438462f3">
                <material>
                  <mattext texttype="text/html">&lt;p&gt;response 2&lt;/p&gt;</mattext>
                </material>
              </response_label>
              <response_label ident="text2qti_choice_187f121807b77bded8e360f886781d54a93a7b1591ce12ceb06a6846e6556aa9">
                <material>
                  <mattext texttype="text/html">&lt;p&gt;response 3&lt;/p&gt;</mattext>
                </material>
              </response_label>
              <response_label ident="text2qti_choice_f9ecd998c069d5999103cd8bd47a0b0bc12c4defc7ccd7d6432243b586b08446">
                <material>
                  <mattext texttype="text/html">&lt;p&gt;response 4&lt;/p&gt;</mattext>
                </material>
              </response_label>
              <response_label ident="text2qti_choice_f27c1c164f5063e96b2d05d5f090dd1b4fdce8d4b6af3b8facef02ee2f9e0715">
                <material>
                  <mattext texttype="text/html">&lt;p&gt;response 5&lt;/p&gt;</mattext>
                </material>
              </response_label>
            </render_choice>
          </response_lid>
        </presentation>
        <resprocessing>
          <outcomes>
            <decvar maxvalue="100" minvalue="0" varname="SCORE" vartype="Decimal"/>
          </outcomes>
          <respcondition continue="No">
            <conditionvar>
              <and>
                <not>
                  <varequal respident="response1">text2qti_choice_65b7008c4869ea8620e91bd6da87dc8eece4bd75d36d0b6e593b8712a7b86b38</varequal>
                </not>
                <not>
                  <varequal respident="response1">text2qti_choice_5935d4bbe3777cf9c93919a837d421acc2f07c6574531395d3dbcc73438462f3</varequal>
                </not>
                <varequal respident="response1">text2qti_choice_187f121807b77bded8e360f886781d54a93a7b1591ce12ceb06a6846e6556aa9</varequal>
                <varequal respident="response1">text2qti_choice_f9ecd998c069d5999103cd8bd47a0b0bc12c4defc7ccd7d6432243b586b08446</varequal>
                <not>
                  <varequal respident="response1">text2qti_choice_f27c1c164f5063e96b2d05d5f090dd1b4fdce8d4b6af3b8facef02ee2f9e0715</varequal>
                </not>
              </and>
            </conditionvar>
            <setvar action="Set" varname="SCORE">100</setvar>
          </respcondition>
        </resprocessing>
      </item>
      <item ident="text2qti_question_8f5b8de0dabac1c0fa755862d98d109f5cedc4c2d038719941aa218354b71975" title="Question">
        <itemmetadata>
          <qtimetadata>
            <qtimetadatafield>
              <fieldlabel>question_type</fieldlabel>
              <fieldentry>short_answer_question</fieldentry>
            </qtimetadatafield>
            <qtimetadatafield>
              <fieldlabel>points_possible</fieldlabel>
              <fieldentry>1</fieldentry>
            </qtimetadatafield>
            <qtimetadatafield>
              <fieldlabel>original_answer_ids</fieldlabel>
              <fieldentry>text2qti_choice_115dbe6737bc578d92f6917a4a4494fe4b488308a376c91c6af2f19e9b44ea6d</fieldentry>
            </qtimetadatafield>
            <qtimetadatafield>
              <fieldlabel>assessment_question_identifierref</fieldlabel>
              <fieldentry>text2qti_question_ref_8f5b8de0dabac1c0fa755862d98d109f5cedc4c2d038719941aa218354b71975</fieldentry>
            </qtimetadatafield>
          </qtimetadata>
        </itemmetadata>
        <presentation>
          <material>
            <mattext texttype="text/html">&lt;p&gt;What do the ellipses or circles represent?&lt;/p&gt;</mattext>
          </material>
          <response_str ident="response1" rcardinality="Single">
            <render_fib>
              <response_label ident="answer1" rshuffle="No"/>
            </render_fib>
          </response_str>
        </presentation>
        <resprocessing>
          <outcomes>
            <decvar maxvalue="100" minvalue="0" varname="SCORE" vartype="Decimal"/>
          </outcomes>
          <respcondition continue="No">
            <conditionvar>
              <varequal respident="response1">attribute</varequal>
            </conditionvar>
            <setvar action="Set" varname="SCORE">100</setvar>
          </respcondition>
        </resprocessing>
      </item>
      <item ident="text2qti_question_64c540607639fd9665c98af0743dc644f8f14026ba57ea9010e3e7a2c8e9a1c1" title="Question">
        <itemmetadata>
          <qtimetadata>
            <qtimetadatafield>
              <fieldlabel>question_type</fieldlabel>
              <fieldentry>short_answer_question</fieldentry>
            </qtimetadatafield>
            <qtimetadatafield>
              <fieldlabel>points_possible</fieldlabel>
              <fieldentry>1</fieldentry>
            </qtimetadatafield>
            <qtimetadatafield>
              <fieldlabel>original_answer_ids</fieldlabel>
              <fieldentry>text2qti_choice_e4cbf3d9e25d512bf1d614f4ad8a79a0684a907d719ec1fff8f32a8597bd3eca</fieldentry>
            </qtimetadatafield>
            <qtimetadatafield>
              <fieldlabel>assessment_question_identifierref</fieldlabel>
              <fieldentry>text2qti_question_ref_64c540607639fd9665c98af0743dc644f8f14026ba57ea9010e3e7a2c8e9a1c1</fieldentry>
            </qtimetadatafield>
          </qtimetadata>
        </itemmetadata>
        <presentation>
          <material>
            <mattext texttype="text/html">&lt;p&gt;What is the relationship between X and Y&lt;/p&gt;</mattext>
          </material>
          <response_str ident="response1" rcardinality="Single">
            <render_fib>
              <response_label ident="answer1" rshuffle="No"/>
            </render_fib>
          </response_str>
        </presentation>
        <resprocessing>
          <outcomes>
            <decvar maxvalue="100" minvalue="0" varname="SCORE" vartype="Decimal"/>
          </outcomes>
          <respcondition continue="No">
            <conditionvar>
              <varequal respident="response1">Z</varequal>
            </conditionvar>
            <setvar action="Set" varname="SCORE">100</setvar>
          </respcondition>
        </resprocessing>
      </item>
    <section ident="text2qti_group_97338e4db67aecc1c60036c028b0431eb83aefc9a98ef9128ad72b52acf59a9d" title="Group">
      <selection_ordering>
        <selection>
          <selection_number>1</selection_number>
          <selection_extension>
            <points_per_item>1</points_per_item>
          </selection_extension>
        </selection>
      </selection_ordering>
      <item ident="text2qti_question_4af61f4b253eab729c89a841a699b319ff72de4be9f117d9e21420c6088402ee" title="Question">
        <itemmetadata>
          <qtimetadata>
            <qtimetadatafield>
              <fieldlabel>question_type</fieldlabel>
              <fieldentry>true_false_question</fieldentry>
            </qtimetadatafield>
            <qtimetadatafield>
              <fieldlabel>points_possible</fieldlabel>
              <fieldentry>1</fieldentry>
            </qtimetadatafield>
            <qtimetadatafield>
              <fieldlabel>original_answer_ids</fieldlabel>
              <fieldentry>text2qti_choice_4b3b4d31adf0683881cb4221f423592205f8ae3e86076ebff2007ca006c1abcf,text2qti_choice_ffc2ac1c8691da243b01e2022ed8b319dcd10f76bccd5ce837f91ccd1ad3c833</fieldentry>
            </qtimetadatafield>
            <qtimetadatafield>
              <fieldlabel>assessment_question_identifierref</fieldlabel>
              <fieldentry>text2qti_question_ref_4af61f4b253eab729c89a841a699b319ff72de4be9f117d9e21420c6088402ee</fieldentry>
            </qtimetadatafield>
          </qtimetadata>
        </itemmetadata>
        <presentation>
          <material>
            <mattext texttype="text/html">&lt;p&gt;A question.&lt;/p&gt;</mattext>
          </material>
          <response_lid ident="response1" rcardinality="Single">
            <render_choice>
              <response_label ident="text2qti_choice_4b3b4d31adf0683881cb4221f423592205f8ae3e86076ebff2007ca006c1abcf">
                <material>
                  <mattext texttype="text/html">&lt;p&gt;true&lt;/p&gt;</mattext>
                </material>
              </response_label>
              <response_label ident="text2qti_choice_ffc2ac1c8691da243b01e2022ed8b319dcd10f76bccd5ce837f91ccd1ad3c833">
                <material>
                  <mattext texttype="text/html">&lt;p&gt;false&lt;/p&gt;</mattext>
                </material>
              </response_label>
            </render_choice>
          </response_lid>
        </presentation>
        <resprocessing>
          <outcomes>
            <decvar maxvalue="100" minvalue="0" varname="SCORE" vartype="Decimal"/>
          </outcomes>
          <respcondition continue="No">
            <conditionvar>
              <varequal respident="response1">text2qti_choice_4b3b4d31adf0683881cb4221f423592205f8ae3e86076ebff2007ca006c1abcf</varequal>
            </conditionvar>
            <setvar action="Set" varname="SCORE">100</setvar>
          </respcondition>
        </resprocessing>
      </item>
      <item ident="text2qti_question_240910e98f3af5563e6baa60e6d6b37e2892d39bbc356110866b1a1c0bd7f913" title="Question">
        <itemmetadata>
          <qtimetadata>
            <qtimetadatafield>
              <fieldlabel>question_type</fieldlabel>
              <fieldentry>true_false_question</fieldentry>
            </qtimetadatafield>
            <qtimetadatafield>
              <fieldlabel>points_possible</fieldlabel>
              <fieldentry>1</fieldentry>
            </qtimetadatafield>
            <qtimetadatafield>
              <fieldlabel>original_answer_ids</fieldlabel>
              <fieldentry>text2qti_choice_ae380b709a3fbed292c2b4a01adad2ba751033d67b6b75550fb2032dfd2cc3d8,text2qti_choice_655331147956c01604878fac1fbb5b38e55f27e488b8ff9f101df5075be69b18</fieldentry>
            </qtimetadatafield>
            <qtimetadatafield>
              <fieldlabel>assessment_question_identifierref</fieldlabel>
              <fieldentry>text2qti_question_ref_240910e98f3af5563e6baa60e6d6b37e2892d39bbc356110866b1a1c0bd7f913</fieldentry>
            </qtimetadatafield>
          </qtimetadata>
        </itemmetadata>
        <presentation>
          <material>
            <mattext texttype="text/html">&lt;p&gt;Another question.&lt;/p&gt;</mattext>
          </material>
          <response_lid ident="response1" rcardinality="Single">
            <render_choice>
              <response_label ident="text2qti_choice_ae380b709a3fbed292c2b4a01adad2ba751033d67b6b75550fb2032dfd2cc3d8">
                <material>
                  <mattext texttype="text/html">&lt;p&gt;true&lt;/p&gt;</mattext>
                </material>
              </response_label>
              <response_label ident="text2qti_choice_655331147956c01604878fac1fbb5b38e55f27e488b8ff9f101df5075be69b18">
                <material>
                  <mattext texttype="text/html">&lt;p&gt;false&lt;/p&gt;</mattext>
                </material>
              </response_label>
            </render_choice>
          </response_lid>
        </presentation>
        <resprocessing>
          <outcomes>
            <decvar maxvalue="100" minvalue="0" varname="SCORE" vartype="Decimal"/>
          </outcomes>
          <respcondition continue="No">
            <conditionvar>
              <varequal respident="response1">text2qti_choice_ae380b709a3fbed292c2b4a01adad2ba751033d67b6b75550fb2032dfd2cc3d8</varequal>
            </conditionvar>
            <setvar action="Set" varname="SCORE">100</setvar>
          </respcondition>
        </resprocessing>
      </item>
    </section>
      <item ident="text2qti_question_328601e8c703e7c137359a3c89b095da87576113d0b60d77988bee8b5fc0ec6a" title="Question">
        <itemmetadata>
          <qtimetadata>
            <qtimetadatafield>
              <fieldlabel>question_type</fieldlabel>
              <fieldentry>essay_question</fieldentry>
            </qtimetadatafield>
            <qtimetadatafield>
              <fieldlabel>points_possible</fieldlabel>
              <fieldentry>1</fieldentry>
            </qtimetadatafield>
            <qtimetadatafield>
              <fieldlabel>original_answer_ids</fieldlabel>
              <fieldentry></fieldentry>
            </qtimetadatafield>
            <qtimetadatafield>
              <fieldlabel>assessment_question_identifierref</fieldlabel>
              <fieldentry>text2qti_question_ref_328601e8c703e7c137359a3c89b095da87576113d0b60d77988bee8b5fc0ec6a</fieldentry>
            </qtimetadatafield>
          </qtimetadata>
        </itemmetadata>
        <presentation>
          <material>
            <mattext texttype="text/html">&lt;p&gt;Tell me more.&lt;/p&gt;</mattext>
          </material>
          <response_str ident="response1" rcardinality="Single">
            <render_fib>
              <response_label ident="answer1" rshuffle="No"/>
            </render_fib>
          </response_str>
        </presentation>
        <resprocessing>
          <outcomes>
            <decvar maxvalue="100" minvalue="0" varname="SCORE" vartype="Decimal"/>
          </outcomes>
          <respcondition continue="No">
            <conditionvar>
              <other/>
            </conditionvar>
          </respcondition>
          <respcondition continue="Yes">
            <conditionvar>
              <other/>
            </conditionvar>
            <displayfeedback feedbacktype="Response" linkrefid="general_fb"/>
          </respcondition>
        </resprocessing>
        <itemfeedback ident="general_fb">
          <flow_mat>
            <material>
              <mattext texttype="text/html">&lt;p&gt;general feedback&lt;/p&gt;</mattext>
            </material>
          </flow_mat>
        </itemfeedback>
      </item>
      <item ident="text2qti_text_7c5b89602a9af06b93012d208076fdaf3bcc215a7419622ac15bfa571ad3b354" title="">
        <itemmetadata>
          <qtimetadata>
            <qtimetadatafield>
              <fieldlabel>question_type</fieldlabel>
              <fieldentry>text_only_question</fieldentry>
            </qtimetadatafield>
            <qtimetadatafield>
              <fieldlabel>points_possible</fieldlabel>
              <fieldentry>0</fieldentry>
            </qtimetadatafield>
            <qtimetadatafield>
              <fieldlabel>original_answer_ids</fieldlabel>
              <fieldentry></fieldentry>
            </qtimetadatafield>
            <qtimetadatafield>
              <fieldlabel>assessment_question_identifierref</fieldlabel>
              <fieldentry>text2qti_question_ref_7c5b89602a9af06b93012d208076fdaf3bcc215a7419622ac15bfa571ad3b354</fieldentry>
            </qtimetadatafield>
          </qtimetadata>
        </itemmetadata>
        <presentation>
          <material>
            <mattext texttype="text/html">&lt;h1&gt;Chen Diagram&lt;/h1&gt;

&lt;p&gt;&lt;img alt="" src="%24IMS-CC-FILEBASE%24/images/quiz01-chen-diagram.png" /&gt;&lt;/p&gt;</mattext>
          </material>
        </presentation>
      </item>
      <item ident="text2qti_question_bb2d6a66fb053fd3e86565b5b030e213afae393bb5598b8fc9e7be82660416cb" title="Question">
        <itemmetadata>
          <qtimetadata>
            <qtimetadatafield>
              <fieldlabel>question_type</fieldlabel>
              <fieldentry>short_answer_question</fieldentry>
            </qtimetadatafield>
            <qtimetadatafield>
              <fieldlabel>points_possible</fieldlabel>
              <fieldentry>1</fieldentry>
            </qtimetadatafield>
            <qtimetadatafield>
              <fieldlabel>original_answer_ids</fieldlabel>
              <fieldentry>text2qti_choice_199af63ea39b665e1199276d4ec8aab3490ecefdcc6ba24f5d2b71f574a2d8ee,text2qti_choice_ac4fce6ac70841a069cb1843936a3126a02e8a9b12468d9d23c7744a227c227b</fieldentry>
            </qtimetadatafield>
            <qtimetadatafield>
              <fieldlabel>assessment_question_identifierref</fieldlabel>
              <fieldentry>text2qti_question_ref_bb2d6a66fb053fd3e86565b5b030e213afae393bb5598b8fc9e7be82660416cb</fieldentry>
            </qtimetadatafield>
          </qtimetadata>
        </itemmetadata>
        <presentation>
          <material>
            <mattext texttype="text/html">&lt;p&gt;how many entities are in the system describe above.&lt;/p&gt;</mattext>
          </material>
          <response_str ident="response1" rcardinality="Single">
            <render_fib>
              <response_label ident="answer1" rshuffle="No"/>
            </render_fib>
          </response_str>
        </presentation>
        <resprocessing>
          <outcomes>
            <decvar maxvalue="100" minvalue="0" varname="SCORE" vartype="Decimal"/>
          </outcomes>
          <respcondition continue="No">
            <conditionvar>
              <varequal respident="response1">three</varequal>
              <varequal respident="response1">3</varequal>
            </conditionvar>
            <setvar action="Set" varname="SCORE">100</setvar>
          </respcondition>
        </resprocessing>
      </item>
      <item ident="text2qti_text_8076c84addcc76118777a48f0666d8614003bea596dda29af8bd86d1e4ea9c62" title="">
        <itemmetadata>
          <qtimetadata>
            <qtimetadatafield>
              <fieldlabel>question_type</fieldlabel>
              <fieldentry>text_only_question</fieldentry>
            </qtimetadatafield>
            <qtimetadatafield>
              <fieldlabel>points_possible</fieldlabel>
              <fieldentry>0</fieldentry>
            </qtimetadatafield>
            <qtimetadatafield>
              <fieldlabel>original_answer_ids</fieldlabel>
              <fieldentry></fieldentry>
            </qtimetadatafield>
            <qtimetadatafield>
              <fieldlabel>assessment_question_identifierref</fieldlabel>
              <fieldentry>text2qti_question_ref_8076c84addcc76118777a48f0666d8614003bea596dda29af8bd86d1e4ea9c62</fieldentry>
            </qtimetadatafield>
          </qtimetadata>
        </itemmetadata>
        <presentation>
          <material>
            <mattext texttype="text/html">&lt;h1 style="font-weight:bold;font-size=3em"&gt;Test H1&lt;/h1&gt;
&lt;h2&gt;Test H2&lt;/h2&gt;
&lt;h3&gt;Test H3&lt;/h3&gt;

&lt;h1&gt;Test H3&lt;/h1&gt;
&lt;h2&gt;Test H2&lt;/h2&gt;
&lt;h3&gt;Test H3&lt;/h3&gt;

&lt;p&gt;Imagine a library management system that keeps track of &lt;em&gt;books&lt;/em&gt;, &lt;em&gt;authors&lt;/em&gt;, and &lt;em&gt;publishers&lt;/em&gt;.&lt;/p&gt;
&lt;p&gt;Each book in the system is identified by its International Standard Book Number (ISBN), which serves as its unique identifier. Books are associated with authors and publishers.&lt;/p&gt;
&lt;p&gt;Authors are individuals who write books. Each author is identified by a unique AuthorID and has a name associated with them.  Authors have written at least one book but can write as many as they are able.&lt;/p&gt;
&lt;p&gt;Publishers are entities responsible for releasing books to the public. Each publisher has a unique PublisherID, a name, and a home city. Publishers have at least one book in their catalog and can publish as many as they are able.&lt;/p&gt;</mattext>
          </material>
        </presentation>
      </item>
      <item ident="text2qti_question_722be191b67b4debc3e28224b40d50b48db0e446bd3773cb4873e76a8c1845eb" title="Question">
        <itemmetadata>
          <qtimetadata>
            <qtimetadatafield>
              <fieldlabel>question_type</fieldlabel>
              <fieldentry>short_answer_question</fieldentry>
            </qtimetadatafield>
            <qtimetadatafield>
              <fieldlabel>points_possible</fieldlabel>
              <fieldentry>1</fieldentry>
            </qtimetadatafield>
            <qtimetadatafield>
              <fieldlabel>original_answer_ids</fieldlabel>
              <fieldentry>text2qti_choice_d47afd251657345a964f18d6a68d1346cfb302ae0b4517d76db160c89d7aad6b,text2qti_choice_e9c77535df174d1684be5b824bc424c177c607960d2f0696c9467b98fb226539</fieldentry>
            </qtimetadatafield>
            <qtimetadatafield>
              <fieldlabel>assessment_question_identifierref</fieldlabel>
              <fieldentry>text2qti_question_ref_722be191b67b4debc3e28224b40d50b48db0e446bd3773cb4873e76a8c1845eb</fieldentry>
            </qtimetadatafield>
          </qtimetadata>
        </itemmetadata>
        <presentation>
          <material>
            <mattext texttype="text/html">&lt;p&gt;how many entities are in the word problem above.&lt;/p&gt;</mattext>
          </material>
          <response_str ident="response1" rcardinality="Single">
            <render_fib>
              <response_label ident="answer1" rshuffle="No"/>
            </render_fib>
          </response_str>
        </presentation>
        <resprocessing>
          <outcomes>
            <decvar maxvalue="100" minvalue="0" varname="SCORE" vartype="Decimal"/>
          </outcomes>
          <respcondition continue="No">
            <conditionvar>
              <varequal respident="response1">three</varequal>
              <varequal respident="response1">3</varequal>
            </conditionvar>
            <setvar action="Set" varname="SCORE">100</setvar>
          </respcondition>
        </resprocessing>
      </item>
    </section>
  </assessment>
</questestinterop>
