<?xml version="1.0" encoding="UTF-8"?>
<manifest identifier="text2qti_manifest_ec5f3104af4dcfa9e370c86bf170bcc82ef9082e9df5e2b10d8d65376760b250" xmlns="http://www.imsglobal.org/xsd/imsccv1p1/imscp_v1p1" xmlns:lom="http://ltsc.ieee.org/xsd/imsccv1p1/LOM/resource" xmlns:imsmd="http://www.imsglobal.org/xsd/imsmd_v1p2" xmlns:xsi="http://www.w3.org/2001/XMLSchema-instance" xsi:schemaLocation="http://www.imsglobal.org/xsd/imsccv1p1/imscp_v1p1 http://www.imsglobal.org/xsd/imscp_v1p1.xsd http://ltsc.ieee.org/xsd/imsccv1p1/LOM/resource http://www.imsglobal.org/profile/cc/ccv1p1/LOM/ccv1p1_lomresource_v1p0.xsd http://www.imsglobal.org/xsd/imsmd_v1p2 http://www.imsglobal.org/xsd/imsmd_v1p2p2.xsd">
  <metadata>
    <schema>IMS Content</schema>
    <schemaversion>1.1.3</schemaversion>
    <imsmd:lom>
      <imsmd:general>
        <imsmd:title>
          <imsmd:string>QTI assessment generated by text2qti</imsmd:string>
        </imsmd:title>
      </imsmd:general>
      <imsmd:lifeCycle>
        <imsmd:contribute>
          <imsmd:date>
            <imsmd:dateTime>2023-08-29</imsmd:dateTime>
          </imsmd:date>
        </imsmd:contribute>
      </imsmd:lifeCycle>
      <imsmd:rights>
        <imsmd:copyrightAndOtherRestrictions>
          <imsmd:value>yes</imsmd:value>
        </imsmd:copyrightAndOtherRestrictions>
        <imsmd:description>
          <imsmd:string>Private (Copyrighted) - http://en.wikipedia.org/wiki/Copyright</imsmd:string>
        </imsmd:description>
      </imsmd:rights>
    </imsmd:lom>
  </metadata>
  <organizations/>
  <resources>
    <resource identifier="text2qti_assessment_ec5f3104af4dcfa9e370c86bf170bcc82ef9082e9df5e2b10d8d65376760b250" type="imsqti_xmlv1p2">
      <file href="text2qti_assessment_ec5f3104af4dcfa9e370c86bf170bcc82ef9082e9df5e2b10d8d65376760b250/text2qti_assessment_ec5f3104af4dcfa9e370c86bf170bcc82ef9082e9df5e2b10d8d65376760b250.xml"/>
      <dependency identifierref="text2qti_dependency_ec5f3104af4dcfa9e370c86bf170bcc82ef9082e9df5e2b10d8d65376760b250"/>
    </resource>
    <resource identifier="text2qti_dependency_ec5f3104af4dcfa9e370c86bf170bcc82ef9082e9df5e2b10d8d65376760b250" type="associatedcontent/imscc_xmlv1p1/learning-application-resource" href="text2qti_assessment_ec5f3104af4dcfa9e370c86bf170bcc82ef9082e9df5e2b10d8d65376760b250/assessment_meta.xml">
      <file href="text2qti_assessment_ec5f3104af4dcfa9e370c86bf170bcc82ef9082e9df5e2b10d8d65376760b250/assessment_meta.xml"/>
    </resource>
    <resource identifier="text2qti_image_4458c68f6b220b77fadcd0b2b70e3eb19f1993efee5fca6d5b22fd712b3cea91" type="webcontent" href="images/quiz01-chen-diagram.png">
      <file href="images/quiz01-chen-diagram.png"/>
    </resource>
  </resources>
</manifest>
