<?xml version="1.0" encoding="UTF-8"?>
<questestinterop xmlns="http://www.imsglobal.org/xsd/ims_qtiasiv1p2" xmlns:xsi="http://www.w3.org/2001/XMLSchema-instance" xsi:schemaLocation="http://www.imsglobal.org/xsd/ims_qtiasiv1p2 http://www.imsglobal.org/xsd/ims_qtiasiv1p2p1.xsd">
  <assessment ident="text2qti_assessment_7fe5b729d22db5c006a01aab0d3f023b2eff97347eaca3bff8e1fb14712f0e9c" title="Quiz 2 - Bank - ER Models - Blooms 4 (Analyze)">
    <qtimetadata>
      <qtimetadatafield>
        <fieldlabel>cc_maxattempts</fieldlabel>
        <fieldentry>1</fieldentry>
      </qtimetadatafield>
    </qtimetadata>
    <section ident="root_section">
      <item ident="text2qti_question_8bd2a6d9ab9c3b851e1d246399a7c91ab9b8b815499ff29193af9813ead30888" title="Question">
        <itemmetadata>
          <qtimetadata>
            <qtimetadatafield>
              <fieldlabel>question_type</fieldlabel>
              <fieldentry>multiple_choice_question</fieldentry>
            </qtimetadatafield>
            <qtimetadatafield>
              <fieldlabel>points_possible</fieldlabel>
              <fieldentry>1</fieldentry>
            </qtimetadatafield>
            <qtimetadatafield>
              <fieldlabel>original_answer_ids</fieldlabel>
              <fieldentry>text2qti_choice_3b57d9da5f62eb36e95f6ab79762ff39632dd0548662b1b56a3721917807dfd8,text2qti_choice_28fdf8d6a8200dde34d932f4b7e3d393b4c6bfb2ca7f776d33746229ffcfc06f,text2qti_choice_efbc689c64fbb43b8500886efde04c31f429d0fdf10b31a50408f2dd81148320,text2qti_choice_4039dfb22875098ba7ba4660b5cbf989a656deb7f5f635a6016498bdf62bcaeb</fieldentry>
            </qtimetadatafield>
            <qtimetadatafield>
              <fieldlabel>assessment_question_identifierref</fieldlabel>
              <fieldentry>text2qti_question_ref_8bd2a6d9ab9c3b851e1d246399a7c91ab9b8b815499ff29193af9813ead30888</fieldentry>
            </qtimetadatafield>
          </qtimetadata>
        </itemmetadata>
        <presentation>
          <material>
            <mattext texttype="text/html">&lt;p&gt;What issue arises if an ER diagram shows circular dependencies?&lt;/p&gt;</mattext>
          </material>
          <response_lid ident="response1" rcardinality="Single">
            <render_choice>
              <response_label ident="text2qti_choice_3b57d9da5f62eb36e95f6ab79762ff39632dd0548662b1b56a3721917807dfd8">
                <material>
                  <mattext texttype="text/html">&lt;p&gt;Data redundancy&lt;/p&gt;</mattext>
                </material>
              </response_label>
              <response_label ident="text2qti_choice_28fdf8d6a8200dde34d932f4b7e3d393b4c6bfb2ca7f776d33746229ffcfc06f">
                <material>
                  <mattext texttype="text/html">&lt;p&gt;Loss of data integrity&lt;/p&gt;</mattext>
                </material>
              </response_label>
              <response_label ident="text2qti_choice_efbc689c64fbb43b8500886efde04c31f429d0fdf10b31a50408f2dd81148320">
                <material>
                  <mattext texttype="text/html">&lt;p&gt;Difficulty in mapping to a relational schema&lt;/p&gt;</mattext>
                </material>
              </response_label>
              <response_label ident="text2qti_choice_4039dfb22875098ba7ba4660b5cbf989a656deb7f5f635a6016498bdf62bcaeb">
                <material>
                  <mattext texttype="text/html">&lt;p&gt;Lower database security&lt;/p&gt;</mattext>
                </material>
              </response_label>
            </render_choice>
          </response_lid>
        </presentation>
        <resprocessing>
          <outcomes>
            <decvar maxvalue="100" minvalue="0" varname="SCORE" vartype="Decimal"/>
          </outcomes>
          <respcondition continue="No">
            <conditionvar>
              <varequal respident="response1">text2qti_choice_efbc689c64fbb43b8500886efde04c31f429d0fdf10b31a50408f2dd81148320</varequal>
            </conditionvar>
            <setvar action="Set" varname="SCORE">100</setvar>
          </respcondition>
        </resprocessing>
      </item>
      <item ident="text2qti_question_37ee12ed0286e078f937707e80c7e258d5a05e638a8bf23e049b48a9d8eee5d8" title="Question">
        <itemmetadata>
          <qtimetadata>
            <qtimetadatafield>
              <fieldlabel>question_type</fieldlabel>
              <fieldentry>multiple_choice_question</fieldentry>
            </qtimetadatafield>
            <qtimetadatafield>
              <fieldlabel>points_possible</fieldlabel>
              <fieldentry>1</fieldentry>
            </qtimetadatafield>
            <qtimetadatafield>
              <fieldlabel>original_answer_ids</fieldlabel>
              <fieldentry>text2qti_choice_4473e33d1b4b6cf9718cd81d141b2b0fb145b0c3d6e70043c75fa1be5f7a4583,text2qti_choice_6317d13c0c1cd5c36b1f5541acb3405d44463ee55914735f46bb9ae3f7ac0301,text2qti_choice_e4627978f96fef5df01aef281662c0a04bbfb054209b6acdfcee5c791e9882e9,text2qti_choice_3e467c69932ab12b0276aedb4f1eb023d912e4ad824de7a46bb4c0de88999cde</fieldentry>
            </qtimetadatafield>
            <qtimetadatafield>
              <fieldlabel>assessment_question_identifierref</fieldlabel>
              <fieldentry>text2qti_question_ref_37ee12ed0286e078f937707e80c7e258d5a05e638a8bf23e049b48a9d8eee5d8</fieldentry>
            </qtimetadatafield>
          </qtimetadata>
        </itemmetadata>
        <presentation>
          <material>
            <mattext texttype="text/html">&lt;p&gt;You notice that there are redundant relationships between entities in an ER diagram. What is the likely impact?&lt;/p&gt;</mattext>
          </material>
          <response_lid ident="response1" rcardinality="Single">
            <render_choice>
              <response_label ident="text2qti_choice_4473e33d1b4b6cf9718cd81d141b2b0fb145b0c3d6e70043c75fa1be5f7a4583">
                <material>
                  <mattext texttype="text/html">&lt;p&gt;It simplifies the diagram&lt;/p&gt;</mattext>
                </material>
              </response_label>
              <response_label ident="text2qti_choice_6317d13c0c1cd5c36b1f5541acb3405d44463ee55914735f46bb9ae3f7ac0301">
                <material>
                  <mattext texttype="text/html">&lt;p&gt;It creates confusion and ambiguity&lt;/p&gt;</mattext>
                </material>
              </response_label>
              <response_label ident="text2qti_choice_e4627978f96fef5df01aef281662c0a04bbfb054209b6acdfcee5c791e9882e9">
                <material>
                  <mattext texttype="text/html">&lt;p&gt;It improves performance&lt;/p&gt;</mattext>
                </material>
              </response_label>
              <response_label ident="text2qti_choice_3e467c69932ab12b0276aedb4f1eb023d912e4ad824de7a46bb4c0de88999cde">
                <material>
                  <mattext texttype="text/html">&lt;p&gt;It enhances data integrity&lt;/p&gt;</mattext>
                </material>
              </response_label>
            </render_choice>
          </response_lid>
        </presentation>
        <resprocessing>
          <outcomes>
            <decvar maxvalue="100" minvalue="0" varname="SCORE" vartype="Decimal"/>
          </outcomes>
          <respcondition continue="No">
            <conditionvar>
              <varequal respident="response1">text2qti_choice_6317d13c0c1cd5c36b1f5541acb3405d44463ee55914735f46bb9ae3f7ac0301</varequal>
            </conditionvar>
            <setvar action="Set" varname="SCORE">100</setvar>
          </respcondition>
        </resprocessing>
      </item>
      <item ident="text2qti_question_87c0fd0f6c246785835a940d658ec17b57d8f5aef6e57b199c0c5dd46d6bf414" title="Question">
        <itemmetadata>
          <qtimetadata>
            <qtimetadatafield>
              <fieldlabel>question_type</fieldlabel>
              <fieldentry>multiple_choice_question</fieldentry>
            </qtimetadatafield>
            <qtimetadatafield>
              <fieldlabel>points_possible</fieldlabel>
              <fieldentry>1</fieldentry>
            </qtimetadatafield>
            <qtimetadatafield>
              <fieldlabel>original_answer_ids</fieldlabel>
              <fieldentry>text2qti_choice_d66d8d6758350f73be540f2bf49b8ffb418c7c1b6fbd1d895978a0d6644f9cf1,text2qti_choice_29ef3776a04c117b3b1a12b1d8da1bb7123cb2906045f448b7648b19e75e932f,text2qti_choice_9bcd6390fd63fbe2c7041a79ed4d5630c4edbfbd5e86e919b56d2cf326fa8e2c,text2qti_choice_e397fa579deeaa3110a933bf14ae8800171c496824eb36a4fa626e2d6664026a</fieldentry>
            </qtimetadatafield>
            <qtimetadatafield>
              <fieldlabel>assessment_question_identifierref</fieldlabel>
              <fieldentry>text2qti_question_ref_87c0fd0f6c246785835a940d658ec17b57d8f5aef6e57b199c0c5dd46d6bf414</fieldentry>
            </qtimetadatafield>
          </qtimetadata>
        </itemmetadata>
        <presentation>
          <material>
            <mattext texttype="text/html">&lt;p&gt;If two entities appear to have multiple relationships between them, what should you consider doing?&lt;/p&gt;</mattext>
          </material>
          <response_lid ident="response1" rcardinality="Single">
            <render_choice>
              <response_label ident="text2qti_choice_d66d8d6758350f73be540f2bf49b8ffb418c7c1b6fbd1d895978a0d6644f9cf1">
                <material>
                  <mattext texttype="text/html">&lt;p&gt;Eliminate one of the relationships&lt;/p&gt;</mattext>
                </material>
              </response_label>
              <response_label ident="text2qti_choice_29ef3776a04c117b3b1a12b1d8da1bb7123cb2906045f448b7648b19e75e932f">
                <material>
                  <mattext texttype="text/html">&lt;p&gt;Make the entities inherit from a common parent&lt;/p&gt;</mattext>
                </material>
              </response_label>
              <response_label ident="text2qti_choice_9bcd6390fd63fbe2c7041a79ed4d5630c4edbfbd5e86e919b56d2cf326fa8e2c">
                <material>
                  <mattext texttype="text/html">&lt;p&gt;Consolidate the relationships into a single, well-defined relationship&lt;/p&gt;</mattext>
                </material>
              </response_label>
              <response_label ident="text2qti_choice_e397fa579deeaa3110a933bf14ae8800171c496824eb36a4fa626e2d6664026a">
                <material>
                  <mattext texttype="text/html">&lt;p&gt;Separate the entities into distinct databases&lt;/p&gt;</mattext>
                </material>
              </response_label>
            </render_choice>
          </response_lid>
        </presentation>
        <resprocessing>
          <outcomes>
            <decvar maxvalue="100" minvalue="0" varname="SCORE" vartype="Decimal"/>
          </outcomes>
          <respcondition continue="No">
            <conditionvar>
              <varequal respident="response1">text2qti_choice_9bcd6390fd63fbe2c7041a79ed4d5630c4edbfbd5e86e919b56d2cf326fa8e2c</varequal>
            </conditionvar>
            <setvar action="Set" varname="SCORE">100</setvar>
          </respcondition>
        </resprocessing>
      </item>
      <item ident="text2qti_question_5fee0fbef5db0e5f070b879cea2ceeb54125b1f2d7652852d9b6fee74257fe03" title="Question">
        <itemmetadata>
          <qtimetadata>
            <qtimetadatafield>
              <fieldlabel>question_type</fieldlabel>
              <fieldentry>multiple_choice_question</fieldentry>
            </qtimetadatafield>
            <qtimetadatafield>
              <fieldlabel>points_possible</fieldlabel>
              <fieldentry>1</fieldentry>
            </qtimetadatafield>
            <qtimetadatafield>
              <fieldlabel>original_answer_ids</fieldlabel>
              <fieldentry>text2qti_choice_6e61fd8d7148ca860961f94e96eaad07b4fc2cf6cb37e21adf2f2a9fe58eba8e,text2qti_choice_722a8afea23cd94ce714fd93542e12b49f73d5e6622eddf4c1045accf992efb4,text2qti_choice_2cdb6db36826358ec51168481661ee6ce40902e02759d5c943d67d487540e82e,text2qti_choice_1b282557fa9ff707448b4305ed7755e73fd59e8871e09185de0ace74df4befb3</fieldentry>
            </qtimetadatafield>
            <qtimetadatafield>
              <fieldlabel>assessment_question_identifierref</fieldlabel>
              <fieldentry>text2qti_question_ref_5fee0fbef5db0e5f070b879cea2ceeb54125b1f2d7652852d9b6fee74257fe03</fieldentry>
            </qtimetadatafield>
          </qtimetadata>
        </itemmetadata>
        <presentation>
          <material>
            <mattext texttype="text/html">&lt;p&gt;When analyzing an ER diagram, what does the presence of many weak entities suggest?&lt;/p&gt;</mattext>
          </material>
          <response_lid ident="response1" rcardinality="Single">
            <render_choice>
              <response_label ident="text2qti_choice_6e61fd8d7148ca860961f94e96eaad07b4fc2cf6cb37e21adf2f2a9fe58eba8e">
                <material>
                  <mattext texttype="text/html">&lt;p&gt;The diagram is incomplete&lt;/p&gt;</mattext>
                </material>
              </response_label>
              <response_label ident="text2qti_choice_722a8afea23cd94ce714fd93542e12b49f73d5e6622eddf4c1045accf992efb4">
                <material>
                  <mattext texttype="text/html">&lt;p&gt;The diagram is highly normalized&lt;/p&gt;</mattext>
                </material>
              </response_label>
              <response_label ident="text2qti_choice_2cdb6db36826358ec51168481661ee6ce40902e02759d5c943d67d487540e82e">
                <material>
                  <mattext texttype="text/html">&lt;p&gt;The diagram may have excessive dependencies&lt;/p&gt;</mattext>
                </material>
              </response_label>
              <response_label ident="text2qti_choice_1b282557fa9ff707448b4305ed7755e73fd59e8871e09185de0ace74df4befb3">
                <material>
                  <mattext texttype="text/html">&lt;p&gt;The diagram is poorly designed&lt;/p&gt;</mattext>
                </material>
              </response_label>
            </render_choice>
          </response_lid>
        </presentation>
        <resprocessing>
          <outcomes>
            <decvar maxvalue="100" minvalue="0" varname="SCORE" vartype="Decimal"/>
          </outcomes>
          <respcondition continue="No">
            <conditionvar>
              <varequal respident="response1">text2qti_choice_2cdb6db36826358ec51168481661ee6ce40902e02759d5c943d67d487540e82e</varequal>
            </conditionvar>
            <setvar action="Set" varname="SCORE">100</setvar>
          </respcondition>
        </resprocessing>
      </item>
      <item ident="text2qti_question_bc1f65453501f9ab173145cac714fe4a4d30f159832e07072dc73437f4330465" title="Question">
        <itemmetadata>
          <qtimetadata>
            <qtimetadatafield>
              <fieldlabel>question_type</fieldlabel>
              <fieldentry>multiple_choice_question</fieldentry>
            </qtimetadatafield>
            <qtimetadatafield>
              <fieldlabel>points_possible</fieldlabel>
              <fieldentry>1</fieldentry>
            </qtimetadatafield>
            <qtimetadatafield>
              <fieldlabel>original_answer_ids</fieldlabel>
              <fieldentry>text2qti_choice_b142a0792d0f4b6a7fd2c76e597040d4eeed1987ab19628ce34df2e4a7dca4af,text2qti_choice_80a36959833900044b536bf8dfe22d93b9bdef29bc5185db88747e97073f9fa6,text2qti_choice_427d5ff703931fddbd7f1e1449d586555f0846ad918c16726bcbcaa718db5905,text2qti_choice_2dc05fd21c5680ec9e1e756386c60cd752433c44417bb62e9cbffe66e530c88a</fieldentry>
            </qtimetadatafield>
            <qtimetadatafield>
              <fieldlabel>assessment_question_identifierref</fieldlabel>
              <fieldentry>text2qti_question_ref_bc1f65453501f9ab173145cac714fe4a4d30f159832e07072dc73437f4330465</fieldentry>
            </qtimetadatafield>
          </qtimetadata>
        </itemmetadata>
        <presentation>
          <material>
            <mattext texttype="text/html">&lt;p&gt;What is the main drawback of having too many ternary or higher-degree relationships?&lt;/p&gt;</mattext>
          </material>
          <response_lid ident="response1" rcardinality="Single">
            <render_choice>
              <response_label ident="text2qti_choice_b142a0792d0f4b6a7fd2c76e597040d4eeed1987ab19628ce34df2e4a7dca4af">
                <material>
                  <mattext texttype="text/html">&lt;p&gt;Makes the ER diagram too simple&lt;/p&gt;</mattext>
                </material>
              </response_label>
              <response_label ident="text2qti_choice_80a36959833900044b536bf8dfe22d93b9bdef29bc5185db88747e97073f9fa6">
                <material>
                  <mattext texttype="text/html">&lt;p&gt;May make the diagram difficult to understand and implement&lt;/p&gt;</mattext>
                </material>
              </response_label>
              <response_label ident="text2qti_choice_427d5ff703931fddbd7f1e1449d586555f0846ad918c16726bcbcaa718db5905">
                <material>
                  <mattext texttype="text/html">&lt;p&gt;Leads to a performance gain&lt;/p&gt;</mattext>
                </material>
              </response_label>
              <response_label ident="text2qti_choice_2dc05fd21c5680ec9e1e756386c60cd752433c44417bb62e9cbffe66e530c88a">
                <material>
                  <mattext texttype="text/html">&lt;p&gt;Improves data integrity&lt;/p&gt;</mattext>
                </material>
              </response_label>
            </render_choice>
          </response_lid>
        </presentation>
        <resprocessing>
          <outcomes>
            <decvar maxvalue="100" minvalue="0" varname="SCORE" vartype="Decimal"/>
          </outcomes>
          <respcondition continue="No">
            <conditionvar>
              <varequal respident="response1">text2qti_choice_80a36959833900044b536bf8dfe22d93b9bdef29bc5185db88747e97073f9fa6</varequal>
            </conditionvar>
            <setvar action="Set" varname="SCORE">100</setvar>
          </respcondition>
        </resprocessing>
      </item>
      <item ident="text2qti_question_52dec103938315d4e453ccf386f03c405225f8db3cbb72231c33f4c0c387a999" title="Question">
        <itemmetadata>
          <qtimetadata>
            <qtimetadatafield>
              <fieldlabel>question_type</fieldlabel>
              <fieldentry>multiple_choice_question</fieldentry>
            </qtimetadatafield>
            <qtimetadatafield>
              <fieldlabel>points_possible</fieldlabel>
              <fieldentry>1</fieldentry>
            </qtimetadatafield>
            <qtimetadatafield>
              <fieldlabel>original_answer_ids</fieldlabel>
              <fieldentry>text2qti_choice_5c49c704c082e26ef94385d41d54b1ec3d435c59884ecabc2ec317cd70152a27,text2qti_choice_d51852b06c3d3d314d35b20c200e8ce65f0e80cb26e7eef9b5c1c7b5e918543d,text2qti_choice_3c6d1497442e174d190b3b5484fb045ef189b0bc769c9c8d24887a7867ad09cd,text2qti_choice_3681f9d96be95e8d7cfee51bc9634c0262667e77d5c416e816a847071bd71045</fieldentry>
            </qtimetadatafield>
            <qtimetadatafield>
              <fieldlabel>assessment_question_identifierref</fieldlabel>
              <fieldentry>text2qti_question_ref_52dec103938315d4e453ccf386f03c405225f8db3cbb72231c33f4c0c387a999</fieldentry>
            </qtimetadatafield>
          </qtimetadata>
        </itemmetadata>
        <presentation>
          <material>
            <mattext texttype="text/html">&lt;p&gt;When you see an entity with a high number of attributes, what might that suggest?&lt;/p&gt;</mattext>
          </material>
          <response_lid ident="response1" rcardinality="Single">
            <render_choice>
              <response_label ident="text2qti_choice_5c49c704c082e26ef94385d41d54b1ec3d435c59884ecabc2ec317cd70152a27">
                <material>
                  <mattext texttype="text/html">&lt;p&gt;The entity is highly important&lt;/p&gt;</mattext>
                </material>
              </response_label>
              <response_label ident="text2qti_choice_d51852b06c3d3d314d35b20c200e8ce65f0e80cb26e7eef9b5c1c7b5e918543d">
                <material>
                  <mattext texttype="text/html">&lt;p&gt;The entity may need to be decomposed into smaller entities&lt;/p&gt;</mattext>
                </material>
              </response_label>
              <response_label ident="text2qti_choice_3c6d1497442e174d190b3b5484fb045ef189b0bc769c9c8d24887a7867ad09cd">
                <material>
                  <mattext texttype="text/html">&lt;p&gt;The entity will improve database performance&lt;/p&gt;</mattext>
                </material>
              </response_label>
              <response_label ident="text2qti_choice_3681f9d96be95e8d7cfee51bc9634c0262667e77d5c416e816a847071bd71045">
                <material>
                  <mattext texttype="text/html">&lt;p&gt;The entity enhances security&lt;/p&gt;</mattext>
                </material>
              </response_label>
            </render_choice>
          </response_lid>
        </presentation>
        <resprocessing>
          <outcomes>
            <decvar maxvalue="100" minvalue="0" varname="SCORE" vartype="Decimal"/>
          </outcomes>
          <respcondition continue="No">
            <conditionvar>
              <varequal respident="response1">text2qti_choice_d51852b06c3d3d314d35b20c200e8ce65f0e80cb26e7eef9b5c1c7b5e918543d</varequal>
            </conditionvar>
            <setvar action="Set" varname="SCORE">100</setvar>
          </respcondition>
        </resprocessing>
      </item>
      <item ident="text2qti_question_e08b254a81a068f049f62486b2d48e8469d6ece30848cf4bb5ab80edd52996ec" title="Question">
        <itemmetadata>
          <qtimetadata>
            <qtimetadatafield>
              <fieldlabel>question_type</fieldlabel>
              <fieldentry>multiple_choice_question</fieldentry>
            </qtimetadatafield>
            <qtimetadatafield>
              <fieldlabel>points_possible</fieldlabel>
              <fieldentry>1</fieldentry>
            </qtimetadatafield>
            <qtimetadatafield>
              <fieldlabel>original_answer_ids</fieldlabel>
              <fieldentry>text2qti_choice_08eefadd479bcb913c77d84eb22d068faad8992e6de42b112d5b4d00d8058b68,text2qti_choice_978969425c8ea6a7c0735629d93990af47ac783fb14eca51fd3af4f449bc1bf3,text2qti_choice_ed54198f2029f5186048189cacb65fbf9ba7aa7fe5b8166d33350415b37aaf1e,text2qti_choice_9b6d9c2f83c64cf8838b3885b3ab2d029a6b8c4385a445a9cf134b289577afc7</fieldentry>
            </qtimetadatafield>
            <qtimetadatafield>
              <fieldlabel>assessment_question_identifierref</fieldlabel>
              <fieldentry>text2qti_question_ref_e08b254a81a068f049f62486b2d48e8469d6ece30848cf4bb5ab80edd52996ec</fieldentry>
            </qtimetadatafield>
          </qtimetadata>
        </itemmetadata>
        <presentation>
          <material>
            <mattext texttype="text/html">&lt;p&gt;If a relationship does not have a role label, what does it imply?&lt;/p&gt;</mattext>
          </material>
          <response_lid ident="response1" rcardinality="Single">
            <render_choice>
              <response_label ident="text2qti_choice_08eefadd479bcb913c77d84eb22d068faad8992e6de42b112d5b4d00d8058b68">
                <material>
                  <mattext texttype="text/html">&lt;p&gt;The relationship is incomplete&lt;/p&gt;</mattext>
                </material>
              </response_label>
              <response_label ident="text2qti_choice_978969425c8ea6a7c0735629d93990af47ac783fb14eca51fd3af4f449bc1bf3">
                <material>
                  <mattext texttype="text/html">&lt;p&gt;The role is self-explanatory&lt;/p&gt;</mattext>
                </material>
              </response_label>
              <response_label ident="text2qti_choice_ed54198f2029f5186048189cacb65fbf9ba7aa7fe5b8166d33350415b37aaf1e">
                <material>
                  <mattext texttype="text/html">&lt;p&gt;The relationship is weak&lt;/p&gt;</mattext>
                </material>
              </response_label>
              <response_label ident="text2qti_choice_9b6d9c2f83c64cf8838b3885b3ab2d029a6b8c4385a445a9cf134b289577afc7">
                <material>
                  <mattext texttype="text/html">&lt;p&gt;The relationship is derived&lt;/p&gt;</mattext>
                </material>
              </response_label>
            </render_choice>
          </response_lid>
        </presentation>
        <resprocessing>
          <outcomes>
            <decvar maxvalue="100" minvalue="0" varname="SCORE" vartype="Decimal"/>
          </outcomes>
          <respcondition continue="No">
            <conditionvar>
              <varequal respident="response1">text2qti_choice_978969425c8ea6a7c0735629d93990af47ac783fb14eca51fd3af4f449bc1bf3</varequal>
            </conditionvar>
            <setvar action="Set" varname="SCORE">100</setvar>
          </respcondition>
        </resprocessing>
      </item>
      <item ident="text2qti_question_ed2fcbdaf1b45148cd6e13624617cdb97637db44d1f0594dcf938169e92a2a4a" title="Question">
        <itemmetadata>
          <qtimetadata>
            <qtimetadatafield>
              <fieldlabel>question_type</fieldlabel>
              <fieldentry>multiple_choice_question</fieldentry>
            </qtimetadatafield>
            <qtimetadatafield>
              <fieldlabel>points_possible</fieldlabel>
              <fieldentry>1</fieldentry>
            </qtimetadatafield>
            <qtimetadatafield>
              <fieldlabel>original_answer_ids</fieldlabel>
              <fieldentry>text2qti_choice_7c366615d12929a134f5698f2cb5029d43f758bda7b0a998a4da04d5d773dffc,text2qti_choice_f1d51d079b60f7b0b3bb5674c467899557607caa8c2a1bf81b145636f49c2640,text2qti_choice_5ff91f5e5d95d6ab3ded9a986116347f97f7c48a5f9906612a879c20e65388c8,text2qti_choice_5b658beb4cdfd2adde7f0225dbd2c8f0b932447420eb649b032930bb14a95eda</fieldentry>
            </qtimetadatafield>
            <qtimetadatafield>
              <fieldlabel>assessment_question_identifierref</fieldlabel>
              <fieldentry>text2qti_question_ref_ed2fcbdaf1b45148cd6e13624617cdb97637db44d1f0594dcf938169e92a2a4a</fieldentry>
            </qtimetadatafield>
          </qtimetadata>
        </itemmetadata>
        <presentation>
          <material>
            <mattext texttype="text/html">&lt;p&gt;If an attribute is frequently used in calculations, what type of attribute could it be considered as?&lt;/p&gt;</mattext>
          </material>
          <response_lid ident="response1" rcardinality="Single">
            <render_choice>
              <response_label ident="text2qti_choice_7c366615d12929a134f5698f2cb5029d43f758bda7b0a998a4da04d5d773dffc">
                <material>
                  <mattext texttype="text/html">&lt;p&gt;Composite attribute&lt;/p&gt;</mattext>
                </material>
              </response_label>
              <response_label ident="text2qti_choice_f1d51d079b60f7b0b3bb5674c467899557607caa8c2a1bf81b145636f49c2640">
                <material>
                  <mattext texttype="text/html">&lt;p&gt;Single-valued attribute&lt;/p&gt;</mattext>
                </material>
              </response_label>
              <response_label ident="text2qti_choice_5ff91f5e5d95d6ab3ded9a986116347f97f7c48a5f9906612a879c20e65388c8">
                <material>
                  <mattext texttype="text/html">&lt;p&gt;Multi-valued attribute&lt;/p&gt;</mattext>
                </material>
              </response_label>
              <response_label ident="text2qti_choice_5b658beb4cdfd2adde7f0225dbd2c8f0b932447420eb649b032930bb14a95eda">
                <material>
                  <mattext texttype="text/html">&lt;p&gt;Derived attribute&lt;/p&gt;</mattext>
                </material>
              </response_label>
            </render_choice>
          </response_lid>
        </presentation>
        <resprocessing>
          <outcomes>
            <decvar maxvalue="100" minvalue="0" varname="SCORE" vartype="Decimal"/>
          </outcomes>
          <respcondition continue="No">
            <conditionvar>
              <varequal respident="response1">text2qti_choice_5b658beb4cdfd2adde7f0225dbd2c8f0b932447420eb649b032930bb14a95eda</varequal>
            </conditionvar>
            <setvar action="Set" varname="SCORE">100</setvar>
          </respcondition>
        </resprocessing>
      </item>
      <item ident="text2qti_question_d4b3e3e705cad27e942475bbd0b948e07c12f8b69b97e0ae44c5f92da9a917f0" title="Question">
        <itemmetadata>
          <qtimetadata>
            <qtimetadatafield>
              <fieldlabel>question_type</fieldlabel>
              <fieldentry>multiple_choice_question</fieldentry>
            </qtimetadatafield>
            <qtimetadatafield>
              <fieldlabel>points_possible</fieldlabel>
              <fieldentry>1</fieldentry>
            </qtimetadatafield>
            <qtimetadatafield>
              <fieldlabel>original_answer_ids</fieldlabel>
              <fieldentry>text2qti_choice_f0a1bee4101efdce1fe5b98a15bfdfcc964c664e1bf85f712ee97b0510f913a6,text2qti_choice_8c331d4eaa09e028a4866ea4c9f9b24f50657281e03717d50999b7d1f36f2f57,text2qti_choice_134acdd43f3818fe9078f81cf8276075acd9ced7f8d558751db82f9f03beb76f,text2qti_choice_dce586f513ce8e8257c08dab1e10ad4e84e750e3f4993275fb047db1ec7af753</fieldentry>
            </qtimetadatafield>
            <qtimetadatafield>
              <fieldlabel>assessment_question_identifierref</fieldlabel>
              <fieldentry>text2qti_question_ref_d4b3e3e705cad27e942475bbd0b948e07c12f8b69b97e0ae44c5f92da9a917f0</fieldentry>
            </qtimetadatafield>
          </qtimetadata>
        </itemmetadata>
        <presentation>
          <material>
            <mattext texttype="text/html">&lt;p&gt;If you observe that every entity is related to every other entity, what might this suggest?&lt;/p&gt;</mattext>
          </material>
          <response_lid ident="response1" rcardinality="Single">
            <render_choice>
              <response_label ident="text2qti_choice_f0a1bee4101efdce1fe5b98a15bfdfcc964c664e1bf85f712ee97b0510f913a6">
                <material>
                  <mattext texttype="text/html">&lt;p&gt;The diagram is highly optimized&lt;/p&gt;</mattext>
                </material>
              </response_label>
              <response_label ident="text2qti_choice_8c331d4eaa09e028a4866ea4c9f9b24f50657281e03717d50999b7d1f36f2f57">
                <material>
                  <mattext texttype="text/html">&lt;p&gt;The diagram is overly complex and may require simplification&lt;/p&gt;</mattext>
                </material>
              </response_label>
              <response_label ident="text2qti_choice_134acdd43f3818fe9078f81cf8276075acd9ced7f8d558751db82f9f03beb76f">
                <material>
                  <mattext texttype="text/html">&lt;p&gt;The diagram is incomplete&lt;/p&gt;</mattext>
                </material>
              </response_label>
              <response_label ident="text2qti_choice_dce586f513ce8e8257c08dab1e10ad4e84e750e3f4993275fb047db1ec7af753">
                <material>
                  <mattext texttype="text/html">&lt;p&gt;The diagram represents a real-world scenario perfectly&lt;/p&gt;</mattext>
                </material>
              </response_label>
            </render_choice>
          </response_lid>
        </presentation>
        <resprocessing>
          <outcomes>
            <decvar maxvalue="100" minvalue="0" varname="SCORE" vartype="Decimal"/>
          </outcomes>
          <respcondition continue="No">
            <conditionvar>
              <varequal respident="response1">text2qti_choice_8c331d4eaa09e028a4866ea4c9f9b24f50657281e03717d50999b7d1f36f2f57</varequal>
            </conditionvar>
            <setvar action="Set" varname="SCORE">100</setvar>
          </respcondition>
        </resprocessing>
      </item>
      <item ident="text2qti_question_68f7242c0d0bbbff7846a7ee7b03d42bf129ebb0103db51d3aadadb95ca31a83" title="Question">
        <itemmetadata>
          <qtimetadata>
            <qtimetadatafield>
              <fieldlabel>question_type</fieldlabel>
              <fieldentry>multiple_choice_question</fieldentry>
            </qtimetadatafield>
            <qtimetadatafield>
              <fieldlabel>points_possible</fieldlabel>
              <fieldentry>1</fieldentry>
            </qtimetadatafield>
            <qtimetadatafield>
              <fieldlabel>original_answer_ids</fieldlabel>
              <fieldentry>text2qti_choice_adb16b2ba977a471c780f68a1f76da588d4526ef09c155514b8d5fd36ec02abb,text2qti_choice_45dd65667180b2037827ab8e98f1778c4dc025751950b7a6fb19c3a78acf90d0,text2qti_choice_6c182a46d794c4fd7efbdff38ca1a33f8da8724b10d99f2c0497954ff5887faa,text2qti_choice_f203c486b05a7e16a4a63c03b0ea8d32e0ae8168d4c57bb5e016eb72fb6873f4</fieldentry>
            </qtimetadatafield>
            <qtimetadatafield>
              <fieldlabel>assessment_question_identifierref</fieldlabel>
              <fieldentry>text2qti_question_ref_68f7242c0d0bbbff7846a7ee7b03d42bf129ebb0103db51d3aadadb95ca31a83</fieldentry>
            </qtimetadatafield>
          </qtimetadata>
        </itemmetadata>
        <presentation>
          <material>
            <mattext texttype="text/html">&lt;p&gt;When the cardinality between two entities is unclear, what should you do?&lt;/p&gt;</mattext>
          </material>
          <response_lid ident="response1" rcardinality="Single">
            <render_choice>
              <response_label ident="text2qti_choice_adb16b2ba977a471c780f68a1f76da588d4526ef09c155514b8d5fd36ec02abb">
                <material>
                  <mattext texttype="text/html">&lt;p&gt;Assume a One-to-One relationship&lt;/p&gt;</mattext>
                </material>
              </response_label>
              <response_label ident="text2qti_choice_45dd65667180b2037827ab8e98f1778c4dc025751950b7a6fb19c3a78acf90d0">
                <material>
                  <mattext texttype="text/html">&lt;p&gt;Assume a Many-to-Many relationship&lt;/p&gt;</mattext>
                </material>
              </response_label>
              <response_label ident="text2qti_choice_6c182a46d794c4fd7efbdff38ca1a33f8da8724b10d99f2c0497954ff5887faa">
                <material>
                  <mattext texttype="text/html">&lt;p&gt;Consult with stakeholders for clarification&lt;/p&gt;</mattext>
                </material>
              </response_label>
              <response_label ident="text2qti_choice_f203c486b05a7e16a4a63c03b0ea8d32e0ae8168d4c57bb5e016eb72fb6873f4">
                <material>
                  <mattext texttype="text/html">&lt;p&gt;Eliminate the relationship altogether&lt;/p&gt;</mattext>
                </material>
              </response_label>
            </render_choice>
          </response_lid>
        </presentation>
        <resprocessing>
          <outcomes>
            <decvar maxvalue="100" minvalue="0" varname="SCORE" vartype="Decimal"/>
          </outcomes>
          <respcondition continue="No">
            <conditionvar>
              <varequal respident="response1">text2qti_choice_6c182a46d794c4fd7efbdff38ca1a33f8da8724b10d99f2c0497954ff5887faa</varequal>
            </conditionvar>
            <setvar action="Set" varname="SCORE">100</setvar>
          </respcondition>
        </resprocessing>
      </item>
    </section>
  </assessment>
</questestinterop>
