<?xml version="1.0" encoding="UTF-8"?>
<questestinterop xmlns="http://www.imsglobal.org/xsd/ims_qtiasiv1p2" xmlns:xsi="http://www.w3.org/2001/XMLSchema-instance" xsi:schemaLocation="http://www.imsglobal.org/xsd/ims_qtiasiv1p2 http://www.imsglobal.org/xsd/ims_qtiasiv1p2p1.xsd">
  <assessment ident="text2qti_assessment_8e9225f25083296f8251aeddfb1a66d546a5970975f9946a5cb34a9de9af33dc" title="Pre-class survey">
    <qtimetadata>
      <qtimetadatafield>
        <fieldlabel>cc_maxattempts</fieldlabel>
        <fieldentry>1</fieldentry>
      </qtimetadatafield>
    </qtimetadata>
    <section ident="root_section">
      <item ident="text2qti_question_4cd0d18c73c82824efa081dadd023faaf221052eb761e7599ce985a0f1b7c79e" title="Question">
        <itemmetadata>
          <qtimetadata>
            <qtimetadatafield>
              <fieldlabel>question_type</fieldlabel>
              <fieldentry>short_answer_question</fieldentry>
            </qtimetadatafield>
            <qtimetadatafield>
              <fieldlabel>points_possible</fieldlabel>
              <fieldentry>1</fieldentry>
            </qtimetadatafield>
            <qtimetadatafield>
              <fieldlabel>original_answer_ids</fieldlabel>
              <fieldentry>text2qti_choice_e315232694e9d581d7d1104b66cc6abfce5b4db7bbc1b6c665542466564b3c2d</fieldentry>
            </qtimetadatafield>
            <qtimetadatafield>
              <fieldlabel>assessment_question_identifierref</fieldlabel>
              <fieldentry>text2qti_question_ref_4cd0d18c73c82824efa081dadd023faaf221052eb761e7599ce985a0f1b7c79e</fieldentry>
            </qtimetadatafield>
          </qtimetadata>
        </itemmetadata>
        <presentation>
          <material>
            <mattext texttype="text/html">&lt;p&gt;My GITHUB user id:&lt;/p&gt;</mattext>
          </material>
          <response_str ident="response1" rcardinality="Single">
            <render_fib>
              <response_label ident="answer1" rshuffle="No"/>
            </render_fib>
          </response_str>
        </presentation>
        <resprocessing>
          <outcomes>
            <decvar maxvalue="100" minvalue="0" varname="SCORE" vartype="Decimal"/>
          </outcomes>
          <respcondition continue="No">
            <conditionvar>
              <varequal respident="response1">.</varequal>
            </conditionvar>
            <setvar action="Set" varname="SCORE">100</setvar>
          </respcondition>
        </resprocessing>
      </item>
      <item ident="text2qti_question_fbf0633c4c3338e2539be3f7a511c38a9be61009301806c8ab01534561718b17" title="Question">
        <itemmetadata>
          <qtimetadata>
            <qtimetadatafield>
              <fieldlabel>question_type</fieldlabel>
              <fieldentry>multiple_choice_question</fieldentry>
            </qtimetadatafield>
            <qtimetadatafield>
              <fieldlabel>points_possible</fieldlabel>
              <fieldentry>1</fieldentry>
            </qtimetadatafield>
            <qtimetadatafield>
              <fieldlabel>original_answer_ids</fieldlabel>
              <fieldentry>text2qti_choice_c246536a3e178b1142ac5070361f7259f1c25f91a1023e0735d7a383ff24dea1,text2qti_choice_a54479310ccba6fa39a87af7a53212521a828c5e2575038067eb332ee5509ee4</fieldentry>
            </qtimetadatafield>
            <qtimetadatafield>
              <fieldlabel>assessment_question_identifierref</fieldlabel>
              <fieldentry>text2qti_question_ref_fbf0633c4c3338e2539be3f7a511c38a9be61009301806c8ab01534561718b17</fieldentry>
            </qtimetadatafield>
          </qtimetadata>
        </itemmetadata>
        <presentation>
          <material>
            <mattext texttype="text/html">&lt;p&gt;Star Wars or Star Trek?&lt;/p&gt;</mattext>
          </material>
          <response_lid ident="response1" rcardinality="Single">
            <render_choice>
              <response_label ident="text2qti_choice_c246536a3e178b1142ac5070361f7259f1c25f91a1023e0735d7a383ff24dea1">
                <material>
                  <mattext texttype="text/html">&lt;p&gt;Star Wars&lt;/p&gt;</mattext>
                </material>
              </response_label>
              <response_label ident="text2qti_choice_a54479310ccba6fa39a87af7a53212521a828c5e2575038067eb332ee5509ee4">
                <material>
                  <mattext texttype="text/html">&lt;p&gt;Star Trek&lt;/p&gt;</mattext>
                </material>
              </response_label>
            </render_choice>
          </response_lid>
        </presentation>
        <resprocessing>
          <outcomes>
            <decvar maxvalue="100" minvalue="0" varname="SCORE" vartype="Decimal"/>
          </outcomes>
          <respcondition continue="No">
            <conditionvar>
              <varequal respident="response1">text2qti_choice_c246536a3e178b1142ac5070361f7259f1c25f91a1023e0735d7a383ff24dea1</varequal>
            </conditionvar>
            <setvar action="Set" varname="SCORE">100</setvar>
          </respcondition>
        </resprocessing>
      </item>
      <item ident="text2qti_question_523ff6a5cc0041cc8f45bcaf86100990a56826b898a85180f6716e8408f6ff0d" title="Question">
        <itemmetadata>
          <qtimetadata>
            <qtimetadatafield>
              <fieldlabel>question_type</fieldlabel>
              <fieldentry>multiple_choice_question</fieldentry>
            </qtimetadatafield>
            <qtimetadatafield>
              <fieldlabel>points_possible</fieldlabel>
              <fieldentry>1</fieldentry>
            </qtimetadatafield>
            <qtimetadatafield>
              <fieldlabel>original_answer_ids</fieldlabel>
              <fieldentry>text2qti_choice_946f4a5149c39b6cd9fbd3d46b586677124b1b760a45e8d2edccaf886fb28030,text2qti_choice_89ad166c098ef0af2c0be0ab05a52e394c7cd89ede680dfb1ba04cf2b24297a0</fieldentry>
            </qtimetadatafield>
            <qtimetadatafield>
              <fieldlabel>assessment_question_identifierref</fieldlabel>
              <fieldentry>text2qti_question_ref_523ff6a5cc0041cc8f45bcaf86100990a56826b898a85180f6716e8408f6ff0d</fieldentry>
            </qtimetadatafield>
          </qtimetadata>
        </itemmetadata>
        <presentation>
          <material>
            <mattext texttype="text/html">&lt;p&gt;Your phone: iPhone or Android?&lt;/p&gt;</mattext>
          </material>
          <response_lid ident="response1" rcardinality="Single">
            <render_choice>
              <response_label ident="text2qti_choice_946f4a5149c39b6cd9fbd3d46b586677124b1b760a45e8d2edccaf886fb28030">
                <material>
                  <mattext texttype="text/html">&lt;p&gt;iPhone&lt;/p&gt;</mattext>
                </material>
              </response_label>
              <response_label ident="text2qti_choice_89ad166c098ef0af2c0be0ab05a52e394c7cd89ede680dfb1ba04cf2b24297a0">
                <material>
                  <mattext texttype="text/html">&lt;p&gt;Android&lt;/p&gt;</mattext>
                </material>
              </response_label>
            </render_choice>
          </response_lid>
        </presentation>
        <resprocessing>
          <outcomes>
            <decvar maxvalue="100" minvalue="0" varname="SCORE" vartype="Decimal"/>
          </outcomes>
          <respcondition continue="No">
            <conditionvar>
              <varequal respident="response1">text2qti_choice_946f4a5149c39b6cd9fbd3d46b586677124b1b760a45e8d2edccaf886fb28030</varequal>
            </conditionvar>
            <setvar action="Set" varname="SCORE">100</setvar>
          </respcondition>
        </resprocessing>
      </item>
      <item ident="text2qti_question_5811a3a02aa29b72da67266aa0d0466f166f5054615e949dd3057de466a18955" title="Question">
        <itemmetadata>
          <qtimetadata>
            <qtimetadatafield>
              <fieldlabel>question_type</fieldlabel>
              <fieldentry>multiple_choice_question</fieldentry>
            </qtimetadatafield>
            <qtimetadatafield>
              <fieldlabel>points_possible</fieldlabel>
              <fieldentry>1</fieldentry>
            </qtimetadatafield>
            <qtimetadatafield>
              <fieldlabel>original_answer_ids</fieldlabel>
              <fieldentry>text2qti_choice_2bb937527ac6208d325ab5842d423dbdf38b733f975ee05c9a799950dd1767a0,text2qti_choice_ee24d97d4552f465285e0cdf4f171a13b0b932ec295788a9d546827ec53ae7b3,text2qti_choice_8f1fd43b5ef358b98f1141aff683e7740a5655e77cb5546d8202e58e9b369eb9</fieldentry>
            </qtimetadatafield>
            <qtimetadatafield>
              <fieldlabel>assessment_question_identifierref</fieldlabel>
              <fieldentry>text2qti_question_ref_5811a3a02aa29b72da67266aa0d0466f166f5054615e949dd3057de466a18955</fieldentry>
            </qtimetadatafield>
          </qtimetadata>
        </itemmetadata>
        <presentation>
          <material>
            <mattext texttype="text/html">&lt;p&gt;Your primary computer for this class: Mac or Windows or Linux?&lt;/p&gt;</mattext>
          </material>
          <response_lid ident="response1" rcardinality="Single">
            <render_choice>
              <response_label ident="text2qti_choice_2bb937527ac6208d325ab5842d423dbdf38b733f975ee05c9a799950dd1767a0">
                <material>
                  <mattext texttype="text/html">&lt;p&gt;Mac&lt;/p&gt;</mattext>
                </material>
              </response_label>
              <response_label ident="text2qti_choice_ee24d97d4552f465285e0cdf4f171a13b0b932ec295788a9d546827ec53ae7b3">
                <material>
                  <mattext texttype="text/html">&lt;p&gt;Windows&lt;/p&gt;</mattext>
                </material>
              </response_label>
              <response_label ident="text2qti_choice_8f1fd43b5ef358b98f1141aff683e7740a5655e77cb5546d8202e58e9b369eb9">
                <material>
                  <mattext texttype="text/html">&lt;p&gt;Linux&lt;/p&gt;</mattext>
                </material>
              </response_label>
            </render_choice>
          </response_lid>
        </presentation>
        <resprocessing>
          <outcomes>
            <decvar maxvalue="100" minvalue="0" varname="SCORE" vartype="Decimal"/>
          </outcomes>
          <respcondition continue="No">
            <conditionvar>
              <varequal respident="response1">text2qti_choice_2bb937527ac6208d325ab5842d423dbdf38b733f975ee05c9a799950dd1767a0</varequal>
            </conditionvar>
            <setvar action="Set" varname="SCORE">100</setvar>
          </respcondition>
        </resprocessing>
      </item>
      <item ident="text2qti_question_210d60e49c820ce9b903c389ba1ba3db721306a0c461dc7ea47e98f1c0ccf777" title="Question">
        <itemmetadata>
          <qtimetadata>
            <qtimetadatafield>
              <fieldlabel>question_type</fieldlabel>
              <fieldentry>multiple_choice_question</fieldentry>
            </qtimetadatafield>
            <qtimetadatafield>
              <fieldlabel>points_possible</fieldlabel>
              <fieldentry>1</fieldentry>
            </qtimetadatafield>
            <qtimetadatafield>
              <fieldlabel>original_answer_ids</fieldlabel>
              <fieldentry>text2qti_choice_775054b3147619ec53f1025520440dbf9566f2a1ff4601b99705ca4ad5558241,text2qti_choice_97bbc58b13b073b3ea729091b4eab06674bade9bcf5c27cfd458fa2b0f0b3797,text2qti_choice_37a3bb60b7778f567d7c4a12d6a64f12da997c725ea4e70c9039f0be80d844eb,text2qti_choice_29b3672d90d5004c2046c41f99bd6c86406bcb982c08f9ac497336b19bc42420,text2qti_choice_a0fa06a75e74cc7de26b57dd799cd281b4392785c8ce03e61054c698e4962431,text2qti_choice_efac2a5bdccab1113eb2d94e7379c3ebabb41ef7ff295050b2d8b4d8cabf4f22</fieldentry>
            </qtimetadatafield>
            <qtimetadatafield>
              <fieldlabel>assessment_question_identifierref</fieldlabel>
              <fieldentry>text2qti_question_ref_210d60e49c820ce9b903c389ba1ba3db721306a0c461dc7ea47e98f1c0ccf777</fieldentry>
            </qtimetadatafield>
          </qtimetadata>
        </itemmetadata>
        <presentation>
          <material>
            <mattext texttype="text/html">&lt;p&gt;This semester I will be a:&lt;/p&gt;</mattext>
          </material>
          <response_lid ident="response1" rcardinality="Single">
            <render_choice>
              <response_label ident="text2qti_choice_775054b3147619ec53f1025520440dbf9566f2a1ff4601b99705ca4ad5558241">
                <material>
                  <mattext texttype="text/html">&lt;p&gt;full-time student, not working.&lt;/p&gt;</mattext>
                </material>
              </response_label>
              <response_label ident="text2qti_choice_97bbc58b13b073b3ea729091b4eab06674bade9bcf5c27cfd458fa2b0f0b3797">
                <material>
                  <mattext texttype="text/html">&lt;p&gt;full-time student, working part-time.&lt;/p&gt;</mattext>
                </material>
              </response_label>
              <response_label ident="text2qti_choice_37a3bb60b7778f567d7c4a12d6a64f12da997c725ea4e70c9039f0be80d844eb">
                <material>
                  <mattext texttype="text/html">&lt;p&gt;full-time student, working full-time.&lt;/p&gt;</mattext>
                </material>
              </response_label>
              <response_label ident="text2qti_choice_29b3672d90d5004c2046c41f99bd6c86406bcb982c08f9ac497336b19bc42420">
                <material>
                  <mattext texttype="text/html">&lt;p&gt;part-time student, not working.&lt;/p&gt;</mattext>
                </material>
              </response_label>
              <response_label ident="text2qti_choice_a0fa06a75e74cc7de26b57dd799cd281b4392785c8ce03e61054c698e4962431">
                <material>
                  <mattext texttype="text/html">&lt;p&gt;part-time student, working part-time.&lt;/p&gt;</mattext>
                </material>
              </response_label>
              <response_label ident="text2qti_choice_efac2a5bdccab1113eb2d94e7379c3ebabb41ef7ff295050b2d8b4d8cabf4f22">
                <material>
                  <mattext texttype="text/html">&lt;p&gt;part-time student, working full-time.&lt;/p&gt;</mattext>
                </material>
              </response_label>
            </render_choice>
          </response_lid>
        </presentation>
        <resprocessing>
          <outcomes>
            <decvar maxvalue="100" minvalue="0" varname="SCORE" vartype="Decimal"/>
          </outcomes>
          <respcondition continue="No">
            <conditionvar>
              <varequal respident="response1">text2qti_choice_775054b3147619ec53f1025520440dbf9566f2a1ff4601b99705ca4ad5558241</varequal>
            </conditionvar>
            <setvar action="Set" varname="SCORE">100</setvar>
          </respcondition>
        </resprocessing>
      </item>
      <item ident="text2qti_question_1eb58dac984fa9598c4684488f75aef8c671a1f64ee859665c82f0996f9ec41c" title="Question">
        <itemmetadata>
          <qtimetadata>
            <qtimetadatafield>
              <fieldlabel>question_type</fieldlabel>
              <fieldentry>multiple_choice_question</fieldentry>
            </qtimetadatafield>
            <qtimetadatafield>
              <fieldlabel>points_possible</fieldlabel>
              <fieldentry>1</fieldentry>
            </qtimetadatafield>
            <qtimetadatafield>
              <fieldlabel>original_answer_ids</fieldlabel>
              <fieldentry>text2qti_choice_65774e4e84e06f293fc421f4de2018dc9cd878a6b617f51d2f35c60d4534c6f2,text2qti_choice_f8e34c30dc384c6c4f0da290ba24831624941270c077e28381042f42d5bb33b8,text2qti_choice_fb756149ad065b84ec835f1196938dd3d3c084c6b1837654053c85710a22d09f</fieldentry>
            </qtimetadatafield>
            <qtimetadatafield>
              <fieldlabel>assessment_question_identifierref</fieldlabel>
              <fieldentry>text2qti_question_ref_1eb58dac984fa9598c4684488f75aef8c671a1f64ee859665c82f0996f9ec41c</fieldentry>
            </qtimetadatafield>
          </qtimetadata>
        </itemmetadata>
        <presentation>
          <material>
            <mattext texttype="text/html">&lt;p&gt;I&amp;rsquo;m a parent and will need to balance class with home responsibilities:&lt;/p&gt;</mattext>
          </material>
          <response_lid ident="response1" rcardinality="Single">
            <render_choice>
              <response_label ident="text2qti_choice_65774e4e84e06f293fc421f4de2018dc9cd878a6b617f51d2f35c60d4534c6f2">
                <material>
                  <mattext texttype="text/html">&lt;p&gt;Yes&lt;/p&gt;</mattext>
                </material>
              </response_label>
              <response_label ident="text2qti_choice_f8e34c30dc384c6c4f0da290ba24831624941270c077e28381042f42d5bb33b8">
                <material>
                  <mattext texttype="text/html">&lt;p&gt;No&lt;/p&gt;</mattext>
                </material>
              </response_label>
              <response_label ident="text2qti_choice_fb756149ad065b84ec835f1196938dd3d3c084c6b1837654053c85710a22d09f">
                <material>
                  <mattext texttype="text/html">&lt;p&gt;None of your business!&lt;/p&gt;</mattext>
                </material>
              </response_label>
            </render_choice>
          </response_lid>
        </presentation>
        <resprocessing>
          <outcomes>
            <decvar maxvalue="100" minvalue="0" varname="SCORE" vartype="Decimal"/>
          </outcomes>
          <respcondition continue="No">
            <conditionvar>
              <varequal respident="response1">text2qti_choice_65774e4e84e06f293fc421f4de2018dc9cd878a6b617f51d2f35c60d4534c6f2</varequal>
            </conditionvar>
            <setvar action="Set" varname="SCORE">100</setvar>
          </respcondition>
        </resprocessing>
      </item>
      <item ident="text2qti_question_242150bc735f5c25fb965728bef0bd09ca84fd3f4f60bff49f972904f4e67ae7" title="Question">
        <itemmetadata>
          <qtimetadata>
            <qtimetadatafield>
              <fieldlabel>question_type</fieldlabel>
              <fieldentry>multiple_choice_question</fieldentry>
            </qtimetadatafield>
            <qtimetadatafield>
              <fieldlabel>points_possible</fieldlabel>
              <fieldentry>1</fieldentry>
            </qtimetadatafield>
            <qtimetadatafield>
              <fieldlabel>original_answer_ids</fieldlabel>
              <fieldentry>text2qti_choice_788aee353bd227b3039605a30c91a8a4bf4d2a48443641ddb1fb7eb58cfaa6e0,text2qti_choice_5b869c0cfe6297b1399182abacf83e3deeae8c472bbcba14e63f9649f190c4be</fieldentry>
            </qtimetadatafield>
            <qtimetadatafield>
              <fieldlabel>assessment_question_identifierref</fieldlabel>
              <fieldentry>text2qti_question_ref_242150bc735f5c25fb965728bef0bd09ca84fd3f4f60bff49f972904f4e67ae7</fieldentry>
            </qtimetadatafield>
          </qtimetadata>
        </itemmetadata>
        <presentation>
          <material>
            <mattext texttype="text/html">&lt;p&gt;I&amp;rsquo;ve earned one or more on-line badges or certificates in CS related topics.&lt;/p&gt;</mattext>
          </material>
          <response_lid ident="response1" rcardinality="Single">
            <render_choice>
              <response_label ident="text2qti_choice_788aee353bd227b3039605a30c91a8a4bf4d2a48443641ddb1fb7eb58cfaa6e0">
                <material>
                  <mattext texttype="text/html">&lt;p&gt;Yes&lt;/p&gt;</mattext>
                </material>
              </response_label>
              <response_label ident="text2qti_choice_5b869c0cfe6297b1399182abacf83e3deeae8c472bbcba14e63f9649f190c4be">
                <material>
                  <mattext texttype="text/html">&lt;p&gt;No&lt;/p&gt;</mattext>
                </material>
              </response_label>
            </render_choice>
          </response_lid>
        </presentation>
        <resprocessing>
          <outcomes>
            <decvar maxvalue="100" minvalue="0" varname="SCORE" vartype="Decimal"/>
          </outcomes>
          <respcondition continue="No">
            <conditionvar>
              <varequal respident="response1">text2qti_choice_788aee353bd227b3039605a30c91a8a4bf4d2a48443641ddb1fb7eb58cfaa6e0</varequal>
            </conditionvar>
            <setvar action="Set" varname="SCORE">100</setvar>
          </respcondition>
        </resprocessing>
      </item>
      <item ident="text2qti_question_400e7c59bf3b6ce6239182366b364e275bf3620ed97398e39afec681d9bb7bdf" title="Question">
        <itemmetadata>
          <qtimetadata>
            <qtimetadatafield>
              <fieldlabel>question_type</fieldlabel>
              <fieldentry>multiple_choice_question</fieldentry>
            </qtimetadatafield>
            <qtimetadatafield>
              <fieldlabel>points_possible</fieldlabel>
              <fieldentry>1</fieldentry>
            </qtimetadatafield>
            <qtimetadatafield>
              <fieldlabel>original_answer_ids</fieldlabel>
              <fieldentry>text2qti_choice_26453c10b74742ec147df6562f1c2a17cbd99422a8b91cec318f57cfc90a7fd8,text2qti_choice_50876be9dfcc659545180c1272b6be921dd1a5a712e604ade0ecabc9df6db161</fieldentry>
            </qtimetadatafield>
            <qtimetadatafield>
              <fieldlabel>assessment_question_identifierref</fieldlabel>
              <fieldentry>text2qti_question_ref_400e7c59bf3b6ce6239182366b364e275bf3620ed97398e39afec681d9bb7bdf</fieldentry>
            </qtimetadatafield>
          </qtimetadata>
        </itemmetadata>
        <presentation>
          <material>
            <mattext texttype="text/html">&lt;p&gt;I&amp;rsquo;ve used generative AI (ChatGPT or others) to aid my learning in previous classes.&lt;/p&gt;</mattext>
          </material>
          <response_lid ident="response1" rcardinality="Single">
            <render_choice>
              <response_label ident="text2qti_choice_26453c10b74742ec147df6562f1c2a17cbd99422a8b91cec318f57cfc90a7fd8">
                <material>
                  <mattext texttype="text/html">&lt;p&gt;Yes&lt;/p&gt;</mattext>
                </material>
              </response_label>
              <response_label ident="text2qti_choice_50876be9dfcc659545180c1272b6be921dd1a5a712e604ade0ecabc9df6db161">
                <material>
                  <mattext texttype="text/html">&lt;p&gt;No&lt;/p&gt;</mattext>
                </material>
              </response_label>
            </render_choice>
          </response_lid>
        </presentation>
        <resprocessing>
          <outcomes>
            <decvar maxvalue="100" minvalue="0" varname="SCORE" vartype="Decimal"/>
          </outcomes>
          <respcondition continue="No">
            <conditionvar>
              <varequal respident="response1">text2qti_choice_26453c10b74742ec147df6562f1c2a17cbd99422a8b91cec318f57cfc90a7fd8</varequal>
            </conditionvar>
            <setvar action="Set" varname="SCORE">100</setvar>
          </respcondition>
        </resprocessing>
      </item>
      <item ident="text2qti_question_fc6243a667a9fab081d7a4a6f2e572017a1c19e37fe202bec49dc2ad908dc78d" title="Question">
        <itemmetadata>
          <qtimetadata>
            <qtimetadatafield>
              <fieldlabel>question_type</fieldlabel>
              <fieldentry>multiple_choice_question</fieldentry>
            </qtimetadatafield>
            <qtimetadatafield>
              <fieldlabel>points_possible</fieldlabel>
              <fieldentry>1</fieldentry>
            </qtimetadatafield>
            <qtimetadatafield>
              <fieldlabel>original_answer_ids</fieldlabel>
              <fieldentry>text2qti_choice_0024294cf4d25424c22be04091acaae372020d82ea610e417796d74b60848bc8,text2qti_choice_d2d1832bebb226ea9509366c244bdcbea2e9125b672d84dddfb395ac181968fb,text2qti_choice_062406105bb37957f4bfff88ef12af5d4a64dd0ee8be93353f31a672dd4ba3c4,text2qti_choice_fe5825fc2f1ed56eb1e980b2b44e79915227a8f9936066bfffa6aceae6ae9cb5,text2qti_choice_bda86055b1c358b12624ccdc4f17f2b91d8d5ccc421c7f590d63141064b58f8a,text2qti_choice_f66f300302f449ab0a6783cfabec118ac619c99242ff41eb33ec02af7bf53972</fieldentry>
            </qtimetadatafield>
            <qtimetadatafield>
              <fieldlabel>assessment_question_identifierref</fieldlabel>
              <fieldentry>text2qti_question_ref_fc6243a667a9fab081d7a4a6f2e572017a1c19e37fe202bec49dc2ad908dc78d</fieldentry>
            </qtimetadatafield>
          </qtimetadata>
        </itemmetadata>
        <presentation>
          <material>
            <mattext texttype="text/html">&lt;p&gt;I am most comfortable attending lectures &lt;em&gt;in-person.&lt;/em&gt;&lt;/p&gt;</mattext>
          </material>
          <response_lid ident="response1" rcardinality="Single">
            <render_choice>
              <response_label ident="text2qti_choice_0024294cf4d25424c22be04091acaae372020d82ea610e417796d74b60848bc8">
                <material>
                  <mattext texttype="text/html">&lt;p&gt;Strongly agree&lt;/p&gt;</mattext>
                </material>
              </response_label>
              <response_label ident="text2qti_choice_d2d1832bebb226ea9509366c244bdcbea2e9125b672d84dddfb395ac181968fb">
                <material>
                  <mattext texttype="text/html">&lt;p&gt;Agree&lt;/p&gt;</mattext>
                </material>
              </response_label>
              <response_label ident="text2qti_choice_062406105bb37957f4bfff88ef12af5d4a64dd0ee8be93353f31a672dd4ba3c4">
                <material>
                  <mattext texttype="text/html">&lt;p&gt;Neutral&lt;/p&gt;</mattext>
                </material>
              </response_label>
              <response_label ident="text2qti_choice_fe5825fc2f1ed56eb1e980b2b44e79915227a8f9936066bfffa6aceae6ae9cb5">
                <material>
                  <mattext texttype="text/html">&lt;p&gt;Disagree&lt;/p&gt;</mattext>
                </material>
              </response_label>
              <response_label ident="text2qti_choice_bda86055b1c358b12624ccdc4f17f2b91d8d5ccc421c7f590d63141064b58f8a">
                <material>
                  <mattext texttype="text/html">&lt;p&gt;Strongly disagree&lt;/p&gt;</mattext>
                </material>
              </response_label>
              <response_label ident="text2qti_choice_f66f300302f449ab0a6783cfabec118ac619c99242ff41eb33ec02af7bf53972">
                <material>
                  <mattext texttype="text/html">&lt;p&gt;Don&amp;rsquo;t know, not sure.&lt;/p&gt;</mattext>
                </material>
              </response_label>
            </render_choice>
          </response_lid>
        </presentation>
        <resprocessing>
          <outcomes>
            <decvar maxvalue="100" minvalue="0" varname="SCORE" vartype="Decimal"/>
          </outcomes>
          <respcondition continue="No">
            <conditionvar>
              <varequal respident="response1">text2qti_choice_0024294cf4d25424c22be04091acaae372020d82ea610e417796d74b60848bc8</varequal>
            </conditionvar>
            <setvar action="Set" varname="SCORE">100</setvar>
          </respcondition>
        </resprocessing>
      </item>
      <item ident="text2qti_question_10cf4c06e4bc08daf15a52a44418cbda0debedf5c1f8ab2b84c75cfe908b4ece" title="Question">
        <itemmetadata>
          <qtimetadata>
            <qtimetadatafield>
              <fieldlabel>question_type</fieldlabel>
              <fieldentry>multiple_choice_question</fieldentry>
            </qtimetadatafield>
            <qtimetadatafield>
              <fieldlabel>points_possible</fieldlabel>
              <fieldentry>1</fieldentry>
            </qtimetadatafield>
            <qtimetadatafield>
              <fieldlabel>original_answer_ids</fieldlabel>
              <fieldentry>text2qti_choice_d3884f767e1d9dfe3ab077eb6fec82b5ae86a6b434fc5aaa38d952b25d784481,text2qti_choice_88aa3ef04b582600d4073d6dbde032484ca4bdb30cbfcde04097b4684954c9fd,text2qti_choice_b8c1e458e335d4f80c035e35dc946e1315fd0a54154787d7f02c530b2ebb0e82,text2qti_choice_5f31d3ad1aa8ac16337f962ca27995c716ae4e3057c1440ee42a1ce85ff54fad,text2qti_choice_7840e176b06f490f7465d885b66fa7add220508cd6abcc1e1231a8a267549579,text2qti_choice_19ad55ba86ffa7b6510d3d579d16d9bc5626174ca7cf413aa2b645e1ae875e36</fieldentry>
            </qtimetadatafield>
            <qtimetadatafield>
              <fieldlabel>assessment_question_identifierref</fieldlabel>
              <fieldentry>text2qti_question_ref_10cf4c06e4bc08daf15a52a44418cbda0debedf5c1f8ab2b84c75cfe908b4ece</fieldentry>
            </qtimetadatafield>
          </qtimetadata>
        </itemmetadata>
        <presentation>
          <material>
            <mattext texttype="text/html">&lt;p&gt;I am most comfortable attending lectures &lt;em&gt;on-line.&lt;/em&gt;&lt;/p&gt;</mattext>
          </material>
          <response_lid ident="response1" rcardinality="Single">
            <render_choice>
              <response_label ident="text2qti_choice_d3884f767e1d9dfe3ab077eb6fec82b5ae86a6b434fc5aaa38d952b25d784481">
                <material>
                  <mattext texttype="text/html">&lt;p&gt;Strongly agree&lt;/p&gt;</mattext>
                </material>
              </response_label>
              <response_label ident="text2qti_choice_88aa3ef04b582600d4073d6dbde032484ca4bdb30cbfcde04097b4684954c9fd">
                <material>
                  <mattext texttype="text/html">&lt;p&gt;Agree&lt;/p&gt;</mattext>
                </material>
              </response_label>
              <response_label ident="text2qti_choice_b8c1e458e335d4f80c035e35dc946e1315fd0a54154787d7f02c530b2ebb0e82">
                <material>
                  <mattext texttype="text/html">&lt;p&gt;Neutral&lt;/p&gt;</mattext>
                </material>
              </response_label>
              <response_label ident="text2qti_choice_5f31d3ad1aa8ac16337f962ca27995c716ae4e3057c1440ee42a1ce85ff54fad">
                <material>
                  <mattext texttype="text/html">&lt;p&gt;Disagree&lt;/p&gt;</mattext>
                </material>
              </response_label>
              <response_label ident="text2qti_choice_7840e176b06f490f7465d885b66fa7add220508cd6abcc1e1231a8a267549579">
                <material>
                  <mattext texttype="text/html">&lt;p&gt;Strongly disagree&lt;/p&gt;</mattext>
                </material>
              </response_label>
              <response_label ident="text2qti_choice_19ad55ba86ffa7b6510d3d579d16d9bc5626174ca7cf413aa2b645e1ae875e36">
                <material>
                  <mattext texttype="text/html">&lt;p&gt;Don&amp;rsquo;t know, not sure.&lt;/p&gt;</mattext>
                </material>
              </response_label>
            </render_choice>
          </response_lid>
        </presentation>
        <resprocessing>
          <outcomes>
            <decvar maxvalue="100" minvalue="0" varname="SCORE" vartype="Decimal"/>
          </outcomes>
          <respcondition continue="No">
            <conditionvar>
              <varequal respident="response1">text2qti_choice_d3884f767e1d9dfe3ab077eb6fec82b5ae86a6b434fc5aaa38d952b25d784481</varequal>
            </conditionvar>
            <setvar action="Set" varname="SCORE">100</setvar>
          </respcondition>
        </resprocessing>
      </item>
      <item ident="text2qti_question_0cfb33b5f52b95c29b825005526f5f293b5eba2007aad251a59bcb878810ccbb" title="Question">
        <itemmetadata>
          <qtimetadata>
            <qtimetadatafield>
              <fieldlabel>question_type</fieldlabel>
              <fieldentry>multiple_choice_question</fieldentry>
            </qtimetadatafield>
            <qtimetadatafield>
              <fieldlabel>points_possible</fieldlabel>
              <fieldentry>1</fieldentry>
            </qtimetadatafield>
            <qtimetadatafield>
              <fieldlabel>original_answer_ids</fieldlabel>
              <fieldentry>text2qti_choice_1165536132a6b44a8494527254d8e1b445a2e2ba60337fd1e4907026a7e7bc73,text2qti_choice_860661c15593b1fdf70b8bd2989b129dec5386da9c31feeaa0a55df46a52fde4,text2qti_choice_beeedd50c9c9e5421513d0cec550672ce5c51482053bc077902b53adfeaabfdb,text2qti_choice_7adee8fac6ab7b909d832898dfa9e8a00a86efd930fcb28090c9b6c8c0511bed,text2qti_choice_5b82904da20dca96d3afee91db6492a02074f3e239d781a6e5f5f125aa63bfd6,text2qti_choice_3ee65b8acbc6fec393a8a504e40fa9864716021bf7fe1e4a601da42a91de1627</fieldentry>
            </qtimetadatafield>
            <qtimetadatafield>
              <fieldlabel>assessment_question_identifierref</fieldlabel>
              <fieldentry>text2qti_question_ref_0cfb33b5f52b95c29b825005526f5f293b5eba2007aad251a59bcb878810ccbb</fieldentry>
            </qtimetadatafield>
          </qtimetadata>
        </itemmetadata>
        <presentation>
          <material>
            <mattext texttype="text/html">&lt;p&gt;I am most comfortable taking quizzes and exams &lt;em&gt;in-person.&lt;/em&gt;&lt;/p&gt;</mattext>
          </material>
          <response_lid ident="response1" rcardinality="Single">
            <render_choice>
              <response_label ident="text2qti_choice_1165536132a6b44a8494527254d8e1b445a2e2ba60337fd1e4907026a7e7bc73">
                <material>
                  <mattext texttype="text/html">&lt;p&gt;Strongly agree&lt;/p&gt;</mattext>
                </material>
              </response_label>
              <response_label ident="text2qti_choice_860661c15593b1fdf70b8bd2989b129dec5386da9c31feeaa0a55df46a52fde4">
                <material>
                  <mattext texttype="text/html">&lt;p&gt;Agree&lt;/p&gt;</mattext>
                </material>
              </response_label>
              <response_label ident="text2qti_choice_beeedd50c9c9e5421513d0cec550672ce5c51482053bc077902b53adfeaabfdb">
                <material>
                  <mattext texttype="text/html">&lt;p&gt;Neutral&lt;/p&gt;</mattext>
                </material>
              </response_label>
              <response_label ident="text2qti_choice_7adee8fac6ab7b909d832898dfa9e8a00a86efd930fcb28090c9b6c8c0511bed">
                <material>
                  <mattext texttype="text/html">&lt;p&gt;Disagree&lt;/p&gt;</mattext>
                </material>
              </response_label>
              <response_label ident="text2qti_choice_5b82904da20dca96d3afee91db6492a02074f3e239d781a6e5f5f125aa63bfd6">
                <material>
                  <mattext texttype="text/html">&lt;p&gt;Strongly disagree&lt;/p&gt;</mattext>
                </material>
              </response_label>
              <response_label ident="text2qti_choice_3ee65b8acbc6fec393a8a504e40fa9864716021bf7fe1e4a601da42a91de1627">
                <material>
                  <mattext texttype="text/html">&lt;p&gt;Don&amp;rsquo;t know, not sure.&lt;/p&gt;</mattext>
                </material>
              </response_label>
            </render_choice>
          </response_lid>
        </presentation>
        <resprocessing>
          <outcomes>
            <decvar maxvalue="100" minvalue="0" varname="SCORE" vartype="Decimal"/>
          </outcomes>
          <respcondition continue="No">
            <conditionvar>
              <varequal respident="response1">text2qti_choice_1165536132a6b44a8494527254d8e1b445a2e2ba60337fd1e4907026a7e7bc73</varequal>
            </conditionvar>
            <setvar action="Set" varname="SCORE">100</setvar>
          </respcondition>
        </resprocessing>
      </item>
      <item ident="text2qti_question_1d6fc0423037d024d7bafb5b47d2169cb890f16475186e607ce73f5787d6b3b8" title="Question">
        <itemmetadata>
          <qtimetadata>
            <qtimetadatafield>
              <fieldlabel>question_type</fieldlabel>
              <fieldentry>multiple_choice_question</fieldentry>
            </qtimetadatafield>
            <qtimetadatafield>
              <fieldlabel>points_possible</fieldlabel>
              <fieldentry>1</fieldentry>
            </qtimetadatafield>
            <qtimetadatafield>
              <fieldlabel>original_answer_ids</fieldlabel>
              <fieldentry>text2qti_choice_9b03e6583934127af2cc1827349590df4e23fd279c0974e02d03eb987ef5f7b4,text2qti_choice_e07f1c0150cb5839a10ac4cd4e921bfe28f9661fb1b27f31cfdd47abbf86a8a2,text2qti_choice_0395f9090fc1179b749806eddfe840d9f8402cd41251af9bd72dcc19f6ccf956,text2qti_choice_a3e80a644ab7387550190bc1c2a6dfdc62ae862de4b2cf8ad80ff35a16eb8816,text2qti_choice_764ac5e3f70dda0c4bf8c3596bb80eaab1f2192889ee8c7f6bdc153b138c99d6,text2qti_choice_5dffba7309bb344d9a743fd9e6122cc42e06c776c852b4b7065f0a5367c249c0</fieldentry>
            </qtimetadatafield>
            <qtimetadatafield>
              <fieldlabel>assessment_question_identifierref</fieldlabel>
              <fieldentry>text2qti_question_ref_1d6fc0423037d024d7bafb5b47d2169cb890f16475186e607ce73f5787d6b3b8</fieldentry>
            </qtimetadatafield>
          </qtimetadata>
        </itemmetadata>
        <presentation>
          <material>
            <mattext texttype="text/html">&lt;p&gt;I am most comfortable taking quizzes and exams &lt;em&gt;on-line.&lt;/em&gt;&lt;/p&gt;</mattext>
          </material>
          <response_lid ident="response1" rcardinality="Single">
            <render_choice>
              <response_label ident="text2qti_choice_9b03e6583934127af2cc1827349590df4e23fd279c0974e02d03eb987ef5f7b4">
                <material>
                  <mattext texttype="text/html">&lt;p&gt;Strongly agree&lt;/p&gt;</mattext>
                </material>
              </response_label>
              <response_label ident="text2qti_choice_e07f1c0150cb5839a10ac4cd4e921bfe28f9661fb1b27f31cfdd47abbf86a8a2">
                <material>
                  <mattext texttype="text/html">&lt;p&gt;Agree&lt;/p&gt;</mattext>
                </material>
              </response_label>
              <response_label ident="text2qti_choice_0395f9090fc1179b749806eddfe840d9f8402cd41251af9bd72dcc19f6ccf956">
                <material>
                  <mattext texttype="text/html">&lt;p&gt;Neutral&lt;/p&gt;</mattext>
                </material>
              </response_label>
              <response_label ident="text2qti_choice_a3e80a644ab7387550190bc1c2a6dfdc62ae862de4b2cf8ad80ff35a16eb8816">
                <material>
                  <mattext texttype="text/html">&lt;p&gt;Disagree&lt;/p&gt;</mattext>
                </material>
              </response_label>
              <response_label ident="text2qti_choice_764ac5e3f70dda0c4bf8c3596bb80eaab1f2192889ee8c7f6bdc153b138c99d6">
                <material>
                  <mattext texttype="text/html">&lt;p&gt;Strongly disagree&lt;/p&gt;</mattext>
                </material>
              </response_label>
              <response_label ident="text2qti_choice_5dffba7309bb344d9a743fd9e6122cc42e06c776c852b4b7065f0a5367c249c0">
                <material>
                  <mattext texttype="text/html">&lt;p&gt;Don&amp;rsquo;t know, not sure.&lt;/p&gt;</mattext>
                </material>
              </response_label>
            </render_choice>
          </response_lid>
        </presentation>
        <resprocessing>
          <outcomes>
            <decvar maxvalue="100" minvalue="0" varname="SCORE" vartype="Decimal"/>
          </outcomes>
          <respcondition continue="No">
            <conditionvar>
              <varequal respident="response1">text2qti_choice_9b03e6583934127af2cc1827349590df4e23fd279c0974e02d03eb987ef5f7b4</varequal>
            </conditionvar>
            <setvar action="Set" varname="SCORE">100</setvar>
          </respcondition>
        </resprocessing>
      </item>
      <item ident="text2qti_question_0d173820c470033600dbab9410c6d9d0db1604218d2baaa5f06f68671c080749" title="Question">
        <itemmetadata>
          <qtimetadata>
            <qtimetadatafield>
              <fieldlabel>question_type</fieldlabel>
              <fieldentry>multiple_choice_question</fieldentry>
            </qtimetadatafield>
            <qtimetadatafield>
              <fieldlabel>points_possible</fieldlabel>
              <fieldentry>1</fieldentry>
            </qtimetadatafield>
            <qtimetadatafield>
              <fieldlabel>original_answer_ids</fieldlabel>
              <fieldentry>text2qti_choice_3fccb86fbe570a87bd85d50d241f8dc2b08387f079555e53bd040f50e726437a,text2qti_choice_05e30cc9873efb14fbc606a103f42bc13c4df2921e897d4195121c0667878bd2,text2qti_choice_814976e63ec7f93e3495c353a27f5d4b71a23b53fa3d81a1aae032eedbd34214,text2qti_choice_26f0d6da29fb573df0beb83e3ecfec39bad3a147b7b37eff0b0921118833b281,text2qti_choice_68d93033e9118e311f065b310034178c3dfc9c9055cc8339825d23e487b1dbda,text2qti_choice_f36890b8bd11a1f0d512b3f5299f99015953751ca1c18b2898c8e19004d9c4b8</fieldentry>
            </qtimetadatafield>
            <qtimetadatafield>
              <fieldlabel>assessment_question_identifierref</fieldlabel>
              <fieldentry>text2qti_question_ref_0d173820c470033600dbab9410c6d9d0db1604218d2baaa5f06f68671c080749</fieldentry>
            </qtimetadatafield>
          </qtimetadata>
        </itemmetadata>
        <presentation>
          <material>
            <mattext texttype="text/html">&lt;p&gt;I&amp;rsquo;m comfortable working from a command line terminal and shell (zch, bash, powershell, cmd, etc.)&lt;/p&gt;</mattext>
          </material>
          <response_lid ident="response1" rcardinality="Single">
            <render_choice>
              <response_label ident="text2qti_choice_3fccb86fbe570a87bd85d50d241f8dc2b08387f079555e53bd040f50e726437a">
                <material>
                  <mattext texttype="text/html">&lt;p&gt;Strongly agree&lt;/p&gt;</mattext>
                </material>
              </response_label>
              <response_label ident="text2qti_choice_05e30cc9873efb14fbc606a103f42bc13c4df2921e897d4195121c0667878bd2">
                <material>
                  <mattext texttype="text/html">&lt;p&gt;Agree&lt;/p&gt;</mattext>
                </material>
              </response_label>
              <response_label ident="text2qti_choice_814976e63ec7f93e3495c353a27f5d4b71a23b53fa3d81a1aae032eedbd34214">
                <material>
                  <mattext texttype="text/html">&lt;p&gt;Neutral&lt;/p&gt;</mattext>
                </material>
              </response_label>
              <response_label ident="text2qti_choice_26f0d6da29fb573df0beb83e3ecfec39bad3a147b7b37eff0b0921118833b281">
                <material>
                  <mattext texttype="text/html">&lt;p&gt;Disagree&lt;/p&gt;</mattext>
                </material>
              </response_label>
              <response_label ident="text2qti_choice_68d93033e9118e311f065b310034178c3dfc9c9055cc8339825d23e487b1dbda">
                <material>
                  <mattext texttype="text/html">&lt;p&gt;Strongly disagree&lt;/p&gt;</mattext>
                </material>
              </response_label>
              <response_label ident="text2qti_choice_f36890b8bd11a1f0d512b3f5299f99015953751ca1c18b2898c8e19004d9c4b8">
                <material>
                  <mattext texttype="text/html">&lt;p&gt;Don&amp;rsquo;t know, not sure.&lt;/p&gt;</mattext>
                </material>
              </response_label>
            </render_choice>
          </response_lid>
        </presentation>
        <resprocessing>
          <outcomes>
            <decvar maxvalue="100" minvalue="0" varname="SCORE" vartype="Decimal"/>
          </outcomes>
          <respcondition continue="No">
            <conditionvar>
              <varequal respident="response1">text2qti_choice_3fccb86fbe570a87bd85d50d241f8dc2b08387f079555e53bd040f50e726437a</varequal>
            </conditionvar>
            <setvar action="Set" varname="SCORE">100</setvar>
          </respcondition>
        </resprocessing>
      </item>
      <item ident="text2qti_question_65d916bd6265560904ec0631e9afd7d37f78a54382229ae7885b8d7f79b0b0f7" title="Question">
        <itemmetadata>
          <qtimetadata>
            <qtimetadatafield>
              <fieldlabel>question_type</fieldlabel>
              <fieldentry>multiple_choice_question</fieldentry>
            </qtimetadatafield>
            <qtimetadatafield>
              <fieldlabel>points_possible</fieldlabel>
              <fieldentry>1</fieldentry>
            </qtimetadatafield>
            <qtimetadatafield>
              <fieldlabel>original_answer_ids</fieldlabel>
              <fieldentry>text2qti_choice_aacc81ce788bb20547eacc6a5cb0b21a3f8300a47915d921e5bbbf180967779b,text2qti_choice_4e7d33394c94320ea989fd7d3d0d706f93a5c135bcc3d4a91a8ba55837db0487,text2qti_choice_48febd3c9cb5f14feb7c719f06e5878273a23303761aae41bf14f77902ae4850,text2qti_choice_ada7dde3689d61ad1c28bdbae7d8985653f7a875e386940f36acd5cddc9b3c87,text2qti_choice_5b5dc63f357ca3500c8aea1fb526a43b95a216db25e44800e45d59733c86aeba,text2qti_choice_29810aca63c21e7680b51d7a269a4d883c1cbe384fb770c513bce9c448698ffd</fieldentry>
            </qtimetadatafield>
            <qtimetadatafield>
              <fieldlabel>assessment_question_identifierref</fieldlabel>
              <fieldentry>text2qti_question_ref_65d916bd6265560904ec0631e9afd7d37f78a54382229ae7885b8d7f79b0b0f7</fieldentry>
            </qtimetadatafield>
          </qtimetadata>
        </itemmetadata>
        <presentation>
          <material>
            <mattext texttype="text/html">&lt;p&gt;I&amp;rsquo;m comfortable writing python programs.&lt;/p&gt;</mattext>
          </material>
          <response_lid ident="response1" rcardinality="Single">
            <render_choice>
              <response_label ident="text2qti_choice_aacc81ce788bb20547eacc6a5cb0b21a3f8300a47915d921e5bbbf180967779b">
                <material>
                  <mattext texttype="text/html">&lt;p&gt;Strongly agree&lt;/p&gt;</mattext>
                </material>
              </response_label>
              <response_label ident="text2qti_choice_4e7d33394c94320ea989fd7d3d0d706f93a5c135bcc3d4a91a8ba55837db0487">
                <material>
                  <mattext texttype="text/html">&lt;p&gt;Agree&lt;/p&gt;</mattext>
                </material>
              </response_label>
              <response_label ident="text2qti_choice_48febd3c9cb5f14feb7c719f06e5878273a23303761aae41bf14f77902ae4850">
                <material>
                  <mattext texttype="text/html">&lt;p&gt;Neutral&lt;/p&gt;</mattext>
                </material>
              </response_label>
              <response_label ident="text2qti_choice_ada7dde3689d61ad1c28bdbae7d8985653f7a875e386940f36acd5cddc9b3c87">
                <material>
                  <mattext texttype="text/html">&lt;p&gt;Disagree&lt;/p&gt;</mattext>
                </material>
              </response_label>
              <response_label ident="text2qti_choice_5b5dc63f357ca3500c8aea1fb526a43b95a216db25e44800e45d59733c86aeba">
                <material>
                  <mattext texttype="text/html">&lt;p&gt;Strongly disagree&lt;/p&gt;</mattext>
                </material>
              </response_label>
              <response_label ident="text2qti_choice_29810aca63c21e7680b51d7a269a4d883c1cbe384fb770c513bce9c448698ffd">
                <material>
                  <mattext texttype="text/html">&lt;p&gt;Don&amp;rsquo;t know, not sure.&lt;/p&gt;</mattext>
                </material>
              </response_label>
            </render_choice>
          </response_lid>
        </presentation>
        <resprocessing>
          <outcomes>
            <decvar maxvalue="100" minvalue="0" varname="SCORE" vartype="Decimal"/>
          </outcomes>
          <respcondition continue="No">
            <conditionvar>
              <varequal respident="response1">text2qti_choice_aacc81ce788bb20547eacc6a5cb0b21a3f8300a47915d921e5bbbf180967779b</varequal>
            </conditionvar>
            <setvar action="Set" varname="SCORE">100</setvar>
          </respcondition>
        </resprocessing>
      </item>
      <item ident="text2qti_question_9cbad58f67780d6f9638a1430cfc3ae7784842ebfef4451e860aab040cf03159" title="Question">
        <itemmetadata>
          <qtimetadata>
            <qtimetadatafield>
              <fieldlabel>question_type</fieldlabel>
              <fieldentry>multiple_choice_question</fieldentry>
            </qtimetadatafield>
            <qtimetadatafield>
              <fieldlabel>points_possible</fieldlabel>
              <fieldentry>1</fieldentry>
            </qtimetadatafield>
            <qtimetadatafield>
              <fieldlabel>original_answer_ids</fieldlabel>
              <fieldentry>text2qti_choice_ecd3b9eaed07a386e2e6b61cef60f9575b24ce67ac3b68e245f180a7d88b48fb,text2qti_choice_753b4161392f9dd2be29703f6dfec2feb1d85820c843acea084656770fd1c537,text2qti_choice_b0c995cf0ae877cccefedb03202f350b4ad23029603678a6e8014b4dcd29d26c,text2qti_choice_6b9d42c1436f8d69ab9e0129b57452a5f3444924ea2fb303186a1df9be79c17a,text2qti_choice_801e06792c523a19f44a84c36c2cff8c7d2430ed0113a1e2f6c331a2076d0f6f,text2qti_choice_d6fd49e7200988bf7bb79521026874d1d2e0dd6fe2f5ddbbc4eb3c202e34e85f</fieldentry>
            </qtimetadatafield>
            <qtimetadatafield>
              <fieldlabel>assessment_question_identifierref</fieldlabel>
              <fieldentry>text2qti_question_ref_9cbad58f67780d6f9638a1430cfc3ae7784842ebfef4451e860aab040cf03159</fieldentry>
            </qtimetadatafield>
          </qtimetadata>
        </itemmetadata>
        <presentation>
          <material>
            <mattext texttype="text/html">&lt;p&gt;I&amp;rsquo;m comfortable using VS Code.&lt;/p&gt;</mattext>
          </material>
          <response_lid ident="response1" rcardinality="Single">
            <render_choice>
              <response_label ident="text2qti_choice_ecd3b9eaed07a386e2e6b61cef60f9575b24ce67ac3b68e245f180a7d88b48fb">
                <material>
                  <mattext texttype="text/html">&lt;p&gt;Strongly agree&lt;/p&gt;</mattext>
                </material>
              </response_label>
              <response_label ident="text2qti_choice_753b4161392f9dd2be29703f6dfec2feb1d85820c843acea084656770fd1c537">
                <material>
                  <mattext texttype="text/html">&lt;p&gt;Agree&lt;/p&gt;</mattext>
                </material>
              </response_label>
              <response_label ident="text2qti_choice_b0c995cf0ae877cccefedb03202f350b4ad23029603678a6e8014b4dcd29d26c">
                <material>
                  <mattext texttype="text/html">&lt;p&gt;Neutral&lt;/p&gt;</mattext>
                </material>
              </response_label>
              <response_label ident="text2qti_choice_6b9d42c1436f8d69ab9e0129b57452a5f3444924ea2fb303186a1df9be79c17a">
                <material>
                  <mattext texttype="text/html">&lt;p&gt;Disagree&lt;/p&gt;</mattext>
                </material>
              </response_label>
              <response_label ident="text2qti_choice_801e06792c523a19f44a84c36c2cff8c7d2430ed0113a1e2f6c331a2076d0f6f">
                <material>
                  <mattext texttype="text/html">&lt;p&gt;Strongly disagree&lt;/p&gt;</mattext>
                </material>
              </response_label>
              <response_label ident="text2qti_choice_d6fd49e7200988bf7bb79521026874d1d2e0dd6fe2f5ddbbc4eb3c202e34e85f">
                <material>
                  <mattext texttype="text/html">&lt;p&gt;Don&amp;rsquo;t know, not sure.&lt;/p&gt;</mattext>
                </material>
              </response_label>
            </render_choice>
          </response_lid>
        </presentation>
        <resprocessing>
          <outcomes>
            <decvar maxvalue="100" minvalue="0" varname="SCORE" vartype="Decimal"/>
          </outcomes>
          <respcondition continue="No">
            <conditionvar>
              <varequal respident="response1">text2qti_choice_ecd3b9eaed07a386e2e6b61cef60f9575b24ce67ac3b68e245f180a7d88b48fb</varequal>
            </conditionvar>
            <setvar action="Set" varname="SCORE">100</setvar>
          </respcondition>
        </resprocessing>
      </item>
      <item ident="text2qti_question_e98935fbae3ec422d21231fe8d8c64c9700b2821dcbc5b320faefadfd6a375de" title="Question">
        <itemmetadata>
          <qtimetadata>
            <qtimetadatafield>
              <fieldlabel>question_type</fieldlabel>
              <fieldentry>multiple_choice_question</fieldentry>
            </qtimetadatafield>
            <qtimetadatafield>
              <fieldlabel>points_possible</fieldlabel>
              <fieldentry>1</fieldentry>
            </qtimetadatafield>
            <qtimetadatafield>
              <fieldlabel>original_answer_ids</fieldlabel>
              <fieldentry>text2qti_choice_df9838319e28d526003a9049c4fc3f5b1f35a9fa77d38820b0b2303a58756b59,text2qti_choice_1b53869f43b0ff6a90034c257d7d44942bf8b6564f82236a123ebbfaee554700,text2qti_choice_959f5c5d18e643163b3ca8a035cf366dc7548888333782cd6f5b3f41fe0bc18e,text2qti_choice_d22fdd62321d1dea77367949baee3010a413364875a882ee7b21de5418b3862a,text2qti_choice_d65724b853b81a870c8955bab751b6aee9c769a404cfad8deb8e185c9c03da6d,text2qti_choice_d691b477b4cb5696c612e6470918021ccd6f7bf72296d8d470a57ac368094ee0</fieldentry>
            </qtimetadatafield>
            <qtimetadatafield>
              <fieldlabel>assessment_question_identifierref</fieldlabel>
              <fieldentry>text2qti_question_ref_e98935fbae3ec422d21231fe8d8c64c9700b2821dcbc5b320faefadfd6a375de</fieldentry>
            </qtimetadatafield>
          </qtimetadata>
        </itemmetadata>
        <presentation>
          <material>
            <mattext texttype="text/html">&lt;p&gt;I&amp;rsquo;m comfortable using GIT and GITHUB repositories.&lt;/p&gt;</mattext>
          </material>
          <response_lid ident="response1" rcardinality="Single">
            <render_choice>
              <response_label ident="text2qti_choice_df9838319e28d526003a9049c4fc3f5b1f35a9fa77d38820b0b2303a58756b59">
                <material>
                  <mattext texttype="text/html">&lt;p&gt;Strongly agree&lt;/p&gt;</mattext>
                </material>
              </response_label>
              <response_label ident="text2qti_choice_1b53869f43b0ff6a90034c257d7d44942bf8b6564f82236a123ebbfaee554700">
                <material>
                  <mattext texttype="text/html">&lt;p&gt;Agree&lt;/p&gt;</mattext>
                </material>
              </response_label>
              <response_label ident="text2qti_choice_959f5c5d18e643163b3ca8a035cf366dc7548888333782cd6f5b3f41fe0bc18e">
                <material>
                  <mattext texttype="text/html">&lt;p&gt;Neutral&lt;/p&gt;</mattext>
                </material>
              </response_label>
              <response_label ident="text2qti_choice_d22fdd62321d1dea77367949baee3010a413364875a882ee7b21de5418b3862a">
                <material>
                  <mattext texttype="text/html">&lt;p&gt;Disagree&lt;/p&gt;</mattext>
                </material>
              </response_label>
              <response_label ident="text2qti_choice_d65724b853b81a870c8955bab751b6aee9c769a404cfad8deb8e185c9c03da6d">
                <material>
                  <mattext texttype="text/html">&lt;p&gt;Strongly disagree&lt;/p&gt;</mattext>
                </material>
              </response_label>
              <response_label ident="text2qti_choice_d691b477b4cb5696c612e6470918021ccd6f7bf72296d8d470a57ac368094ee0">
                <material>
                  <mattext texttype="text/html">&lt;p&gt;Don&amp;rsquo;t know, not sure.&lt;/p&gt;</mattext>
                </material>
              </response_label>
            </render_choice>
          </response_lid>
        </presentation>
        <resprocessing>
          <outcomes>
            <decvar maxvalue="100" minvalue="0" varname="SCORE" vartype="Decimal"/>
          </outcomes>
          <respcondition continue="No">
            <conditionvar>
              <varequal respident="response1">text2qti_choice_df9838319e28d526003a9049c4fc3f5b1f35a9fa77d38820b0b2303a58756b59</varequal>
            </conditionvar>
            <setvar action="Set" varname="SCORE">100</setvar>
          </respcondition>
        </resprocessing>
      </item>
      <item ident="text2qti_question_a083b9fd745de0137e55b03bce206b80368beb2962ae6b0920db734d858e7888" title="Question">
        <itemmetadata>
          <qtimetadata>
            <qtimetadatafield>
              <fieldlabel>question_type</fieldlabel>
              <fieldentry>multiple_choice_question</fieldentry>
            </qtimetadatafield>
            <qtimetadatafield>
              <fieldlabel>points_possible</fieldlabel>
              <fieldentry>1</fieldentry>
            </qtimetadatafield>
            <qtimetadatafield>
              <fieldlabel>original_answer_ids</fieldlabel>
              <fieldentry>text2qti_choice_1dbf1e7ba64d07594b29115f2af25a12b3b80fd7d75d36f08ef1587737b82ada,text2qti_choice_31a4e6c795dd3ae6d8d9347f52e826c78e85bde8fcc0a38441e0d2d3aa38fc1f,text2qti_choice_9bf6c152e87a1df6fdd15d141ee67b8a246674426c0a89218c1201bc73fa85e1,text2qti_choice_f56cf1017d366c740ec3b3d605723448aa8e0c87dff217dce4124c0a4802d7f2,text2qti_choice_584e3537dfa2bf34d9a2bb111ad5e61695e2ea0e1287411aed329a5688edf551,text2qti_choice_f744e31c27773b68eb1ea74dd7eea6d390f9e5e236d35bdc46e51c2b2884a2a8</fieldentry>
            </qtimetadatafield>
            <qtimetadatafield>
              <fieldlabel>assessment_question_identifierref</fieldlabel>
              <fieldentry>text2qti_question_ref_a083b9fd745de0137e55b03bce206b80368beb2962ae6b0920db734d858e7888</fieldentry>
            </qtimetadatafield>
          </qtimetadata>
        </itemmetadata>
        <presentation>
          <material>
            <mattext texttype="text/html">&lt;p&gt;I&amp;rsquo;ve comfortable accessing databases using SQL.&lt;/p&gt;</mattext>
          </material>
          <response_lid ident="response1" rcardinality="Single">
            <render_choice>
              <response_label ident="text2qti_choice_1dbf1e7ba64d07594b29115f2af25a12b3b80fd7d75d36f08ef1587737b82ada">
                <material>
                  <mattext texttype="text/html">&lt;p&gt;Strongly agree&lt;/p&gt;</mattext>
                </material>
              </response_label>
              <response_label ident="text2qti_choice_31a4e6c795dd3ae6d8d9347f52e826c78e85bde8fcc0a38441e0d2d3aa38fc1f">
                <material>
                  <mattext texttype="text/html">&lt;p&gt;Agree&lt;/p&gt;</mattext>
                </material>
              </response_label>
              <response_label ident="text2qti_choice_9bf6c152e87a1df6fdd15d141ee67b8a246674426c0a89218c1201bc73fa85e1">
                <material>
                  <mattext texttype="text/html">&lt;p&gt;Neutral&lt;/p&gt;</mattext>
                </material>
              </response_label>
              <response_label ident="text2qti_choice_f56cf1017d366c740ec3b3d605723448aa8e0c87dff217dce4124c0a4802d7f2">
                <material>
                  <mattext texttype="text/html">&lt;p&gt;Disagree&lt;/p&gt;</mattext>
                </material>
              </response_label>
              <response_label ident="text2qti_choice_584e3537dfa2bf34d9a2bb111ad5e61695e2ea0e1287411aed329a5688edf551">
                <material>
                  <mattext texttype="text/html">&lt;p&gt;Strongly disagree&lt;/p&gt;</mattext>
                </material>
              </response_label>
              <response_label ident="text2qti_choice_f744e31c27773b68eb1ea74dd7eea6d390f9e5e236d35bdc46e51c2b2884a2a8">
                <material>
                  <mattext texttype="text/html">&lt;p&gt;Don&amp;rsquo;t know, not sure.&lt;/p&gt;</mattext>
                </material>
              </response_label>
            </render_choice>
          </response_lid>
        </presentation>
        <resprocessing>
          <outcomes>
            <decvar maxvalue="100" minvalue="0" varname="SCORE" vartype="Decimal"/>
          </outcomes>
          <respcondition continue="No">
            <conditionvar>
              <varequal respident="response1">text2qti_choice_1dbf1e7ba64d07594b29115f2af25a12b3b80fd7d75d36f08ef1587737b82ada</varequal>
            </conditionvar>
            <setvar action="Set" varname="SCORE">100</setvar>
          </respcondition>
        </resprocessing>
      </item>
      <item ident="text2qti_question_44d350d671ddb8b1f316b5193d3ca53f87e6c9ef11f794bf2cc0703ed1e0e403" title="Question">
        <itemmetadata>
          <qtimetadata>
            <qtimetadatafield>
              <fieldlabel>question_type</fieldlabel>
              <fieldentry>multiple_choice_question</fieldentry>
            </qtimetadatafield>
            <qtimetadatafield>
              <fieldlabel>points_possible</fieldlabel>
              <fieldentry>1</fieldentry>
            </qtimetadatafield>
            <qtimetadatafield>
              <fieldlabel>original_answer_ids</fieldlabel>
              <fieldentry>text2qti_choice_fa91eeab6cc6a3bc03b329a4d709e8b72e9ffcdb88efb835cd0d1396da6c0c91,text2qti_choice_a3c4547c06136d24492b6226ca7d55e8fa491830fe23e3abca138a0a195fd660,text2qti_choice_8477bc0a1c83400d0a7163c52d793cac1cdb6136c0367ebcb951c03756bf4a04,text2qti_choice_271098680a01faa8b1b834c57c3c461505b284d3bae33bc55f94d44c2f43491a,text2qti_choice_62e3b22495caa27a5f525c71205a5c1f68c431d1cef6ca68c2b31bca3ab1e476,text2qti_choice_162c0828e1e7e33e20d6508d4129855488518d716d4e359508c9705d8296795e</fieldentry>
            </qtimetadatafield>
            <qtimetadatafield>
              <fieldlabel>assessment_question_identifierref</fieldlabel>
              <fieldentry>text2qti_question_ref_44d350d671ddb8b1f316b5193d3ca53f87e6c9ef11f794bf2cc0703ed1e0e403</fieldentry>
            </qtimetadatafield>
          </qtimetadata>
        </itemmetadata>
        <presentation>
          <material>
            <mattext texttype="text/html">&lt;p&gt;I&amp;rsquo;m comfortable writing API servers using click and flask.&lt;/p&gt;</mattext>
          </material>
          <response_lid ident="response1" rcardinality="Single">
            <render_choice>
              <response_label ident="text2qti_choice_fa91eeab6cc6a3bc03b329a4d709e8b72e9ffcdb88efb835cd0d1396da6c0c91">
                <material>
                  <mattext texttype="text/html">&lt;p&gt;Strongly agree&lt;/p&gt;</mattext>
                </material>
              </response_label>
              <response_label ident="text2qti_choice_a3c4547c06136d24492b6226ca7d55e8fa491830fe23e3abca138a0a195fd660">
                <material>
                  <mattext texttype="text/html">&lt;p&gt;Agree&lt;/p&gt;</mattext>
                </material>
              </response_label>
              <response_label ident="text2qti_choice_8477bc0a1c83400d0a7163c52d793cac1cdb6136c0367ebcb951c03756bf4a04">
                <material>
                  <mattext texttype="text/html">&lt;p&gt;Neutral&lt;/p&gt;</mattext>
                </material>
              </response_label>
              <response_label ident="text2qti_choice_271098680a01faa8b1b834c57c3c461505b284d3bae33bc55f94d44c2f43491a">
                <material>
                  <mattext texttype="text/html">&lt;p&gt;Disagree&lt;/p&gt;</mattext>
                </material>
              </response_label>
              <response_label ident="text2qti_choice_62e3b22495caa27a5f525c71205a5c1f68c431d1cef6ca68c2b31bca3ab1e476">
                <material>
                  <mattext texttype="text/html">&lt;p&gt;Strongly disagree&lt;/p&gt;</mattext>
                </material>
              </response_label>
              <response_label ident="text2qti_choice_162c0828e1e7e33e20d6508d4129855488518d716d4e359508c9705d8296795e">
                <material>
                  <mattext texttype="text/html">&lt;p&gt;Don&amp;rsquo;t know, not sure.&lt;/p&gt;</mattext>
                </material>
              </response_label>
            </render_choice>
          </response_lid>
        </presentation>
        <resprocessing>
          <outcomes>
            <decvar maxvalue="100" minvalue="0" varname="SCORE" vartype="Decimal"/>
          </outcomes>
          <respcondition continue="No">
            <conditionvar>
              <varequal respident="response1">text2qti_choice_fa91eeab6cc6a3bc03b329a4d709e8b72e9ffcdb88efb835cd0d1396da6c0c91</varequal>
            </conditionvar>
            <setvar action="Set" varname="SCORE">100</setvar>
          </respcondition>
        </resprocessing>
      </item>
      <item ident="text2qti_question_24a0292eca71a9350623e0523426d9d2edea2e4046c23f1357168d7772cc9f15" title="Question">
        <itemmetadata>
          <qtimetadata>
            <qtimetadatafield>
              <fieldlabel>question_type</fieldlabel>
              <fieldentry>multiple_choice_question</fieldentry>
            </qtimetadatafield>
            <qtimetadatafield>
              <fieldlabel>points_possible</fieldlabel>
              <fieldentry>1</fieldentry>
            </qtimetadatafield>
            <qtimetadatafield>
              <fieldlabel>original_answer_ids</fieldlabel>
              <fieldentry>text2qti_choice_35ee905b1e2d8fe4e49c63f7ff9d280a2c680562ed9cb1633cb896cda0d168d3,text2qti_choice_cba2e03762f1e164b52f661629fd1cf228395bc909ed6fa24abbaab08cfaff82,text2qti_choice_234c5d9314de6b62dd9de61dc669350d903e1d1e576c551c3789b010967ec7a7,text2qti_choice_9023555d0f3d9b0f027ae5884b03dcd4bce5d4094bbfe91212cb18d0d964a35a,text2qti_choice_eace4390b53927c7a3685fe504ec87016737bd3e50faad70fe5eb1e1e8f7c02e,text2qti_choice_7d60bc671a1bb5f126569e1bfa4bd9901c07d000244dc0df83302184c4ae328b</fieldentry>
            </qtimetadatafield>
            <qtimetadatafield>
              <fieldlabel>assessment_question_identifierref</fieldlabel>
              <fieldentry>text2qti_question_ref_24a0292eca71a9350623e0523426d9d2edea2e4046c23f1357168d7772cc9f15</fieldentry>
            </qtimetadatafield>
          </qtimetadata>
        </itemmetadata>
        <presentation>
          <material>
            <mattext texttype="text/html">&lt;p&gt;I&amp;rsquo;m comfortable with test-driven development and python testing.&lt;/p&gt;</mattext>
          </material>
          <response_lid ident="response1" rcardinality="Single">
            <render_choice>
              <response_label ident="text2qti_choice_35ee905b1e2d8fe4e49c63f7ff9d280a2c680562ed9cb1633cb896cda0d168d3">
                <material>
                  <mattext texttype="text/html">&lt;p&gt;Strongly agree&lt;/p&gt;</mattext>
                </material>
              </response_label>
              <response_label ident="text2qti_choice_cba2e03762f1e164b52f661629fd1cf228395bc909ed6fa24abbaab08cfaff82">
                <material>
                  <mattext texttype="text/html">&lt;p&gt;Agree&lt;/p&gt;</mattext>
                </material>
              </response_label>
              <response_label ident="text2qti_choice_234c5d9314de6b62dd9de61dc669350d903e1d1e576c551c3789b010967ec7a7">
                <material>
                  <mattext texttype="text/html">&lt;p&gt;Neutral&lt;/p&gt;</mattext>
                </material>
              </response_label>
              <response_label ident="text2qti_choice_9023555d0f3d9b0f027ae5884b03dcd4bce5d4094bbfe91212cb18d0d964a35a">
                <material>
                  <mattext texttype="text/html">&lt;p&gt;Disagree&lt;/p&gt;</mattext>
                </material>
              </response_label>
              <response_label ident="text2qti_choice_eace4390b53927c7a3685fe504ec87016737bd3e50faad70fe5eb1e1e8f7c02e">
                <material>
                  <mattext texttype="text/html">&lt;p&gt;Strongly disagree&lt;/p&gt;</mattext>
                </material>
              </response_label>
              <response_label ident="text2qti_choice_7d60bc671a1bb5f126569e1bfa4bd9901c07d000244dc0df83302184c4ae328b">
                <material>
                  <mattext texttype="text/html">&lt;p&gt;Don&amp;rsquo;t know, not sure.&lt;/p&gt;</mattext>
                </material>
              </response_label>
            </render_choice>
          </response_lid>
        </presentation>
        <resprocessing>
          <outcomes>
            <decvar maxvalue="100" minvalue="0" varname="SCORE" vartype="Decimal"/>
          </outcomes>
          <respcondition continue="No">
            <conditionvar>
              <varequal respident="response1">text2qti_choice_35ee905b1e2d8fe4e49c63f7ff9d280a2c680562ed9cb1633cb896cda0d168d3</varequal>
            </conditionvar>
            <setvar action="Set" varname="SCORE">100</setvar>
          </respcondition>
        </resprocessing>
      </item>
    </section>
  </assessment>
</questestinterop>
