<?xml version="1.0" encoding="UTF-8"?>
<quiz identifier="text2qti_assessment_dfff67b316833e67bbb00f350f2b7890745085889e605078065fd6fa60ef529c" xmlns="http://canvas.instructure.com/xsd/cccv1p0" xmlns:xsi="http://www.w3.org/2001/XMLSchema-instance" xsi:schemaLocation="http://canvas.instructure.com/xsd/cccv1p0 https://canvas.instructure.com/xsd/cccv1p0.xsd">
  <title>Pre-class survey</title>
  <description>&lt;p&gt;This is a simple survey to help me learn more about you. This activity is what is called a &amp;ldquo;graded survey&amp;rdquo;, that is, you submit it and get points for submitting ANYTHING! Your individual responses don&amp;rsquo;t have a right or wrong answers  (Translated - successful completion of this survey means an easy 10 points!)&lt;/p&gt;
&lt;p&gt;I plan to share AGGREGATE SURVEY RESULTS with the class.  No details about individuals, simply aggregate responses. Any fill-in-the-blank responses will not be shared, either. I think you&amp;rsquo;ll find some of the questions and answers fun.&lt;/p&gt;
&lt;p&gt;This survey also serves a second purpose. It assures both you and me that you&amp;rsquo;ve got everything set up for the the Respondus Lockdown browser.  Quizzes this class will be administered on-line using Canvas and the lockdown browser. Rather than have things blow up during the first real quiz, we&amp;rsquo;ll use this opportunity to dip our toes in the water and get everything working properly early.&lt;/p&gt;
&lt;p&gt;NO STRESS - I want to know more about you AND give you a chance to work the bugs out of any techno-problems BEFORE it really matters.&lt;/p&gt;</description>
  <shuffle_answers>false</shuffle_answers>
  <scoring_policy>keep_highest</scoring_policy>
  <hide_results></hide_results>
  <quiz_type>assignment</quiz_type>
  <points_possible>35.0</points_possible>
  <require_lockdown_browser>false</require_lockdown_browser>
  <require_lockdown_browser_for_results>false</require_lockdown_browser_for_results>
  <require_lockdown_browser_monitor>false</require_lockdown_browser_monitor>
  <lockdown_browser_monitor_data/>
  <show_correct_answers>true</show_correct_answers>
  <anonymous_submissions>false</anonymous_submissions>
  <could_be_locked>false</could_be_locked>
  <allowed_attempts>1</allowed_attempts>
  <one_question_at_a_time>false</one_question_at_a_time>
  <cant_go_back>false</cant_go_back>
  <available>false</available>
  <one_time_results>false</one_time_results>
  <show_correct_answers_last_attempt>false</show_correct_answers_last_attempt>
  <only_visible_to_overrides>false</only_visible_to_overrides>
  <module_locked>false</module_locked>
  <assignment identifier="text2qti_assignment_dfff67b316833e67bbb00f350f2b7890745085889e605078065fd6fa60ef529c">
    <title>Pre-class survey</title>
    <due_at/>
    <lock_at/>
    <unlock_at/>
    <module_locked>false</module_locked>
    <workflow_state>unpublished</workflow_state>
    <assignment_overrides>
    </assignment_overrides>
    <quiz_identifierref>text2qti_assessment_dfff67b316833e67bbb00f350f2b7890745085889e605078065fd6fa60ef529c</quiz_identifierref>
    <allowed_extensions></allowed_extensions>
    <has_group_category>false</has_group_category>
    <points_possible>35.0</points_possible>
    <grading_type>points</grading_type>
    <all_day>false</all_day>
    <submission_types>online_quiz</submission_types>
    <position>1</position>
    <turnitin_enabled>false</turnitin_enabled>
    <vericite_enabled>false</vericite_enabled>
    <peer_review_count>0</peer_review_count>
    <peer_reviews>false</peer_reviews>
    <automatic_peer_reviews>false</automatic_peer_reviews>
    <anonymous_peer_reviews>false</anonymous_peer_reviews>
    <grade_group_students_individually>false</grade_group_students_individually>
    <freeze_on_copy>false</freeze_on_copy>
    <omit_from_final_grade>false</omit_from_final_grade>
    <intra_group_peer_reviews>false</intra_group_peer_reviews>
    <only_visible_to_overrides>false</only_visible_to_overrides>
    <post_to_sis>false</post_to_sis>
    <moderated_grading>false</moderated_grading>
    <grader_count>0</grader_count>
    <grader_comments_visible_to_graders>true</grader_comments_visible_to_graders>
    <anonymous_grading>false</anonymous_grading>
    <graders_anonymous_to_graders>false</graders_anonymous_to_graders>
    <grader_names_visible_to_final_grader>true</grader_names_visible_to_final_grader>
    <anonymous_instructor_annotations>false</anonymous_instructor_annotations>
    <post_policy>
      <post_manually>false</post_manually>
    </post_policy>
  </assignment>
  <assignment_group_identifierref>text2qti_assignment-group_dfff67b316833e67bbb00f350f2b7890745085889e605078065fd6fa60ef529c</assignment_group_identifierref>
  <assignment_overrides>
  </assignment_overrides>
</quiz>
