<?xml version="1.0" encoding="UTF-8"?>
<manifest identifier="text2qti_manifest_22a005cc7282bfe644a40a3de94a8d33d2d079a6ada09cd1b894fa273d05f752" xmlns="http://www.imsglobal.org/xsd/imsccv1p1/imscp_v1p1" xmlns:lom="http://ltsc.ieee.org/xsd/imsccv1p1/LOM/resource" xmlns:imsmd="http://www.imsglobal.org/xsd/imsmd_v1p2" xmlns:xsi="http://www.w3.org/2001/XMLSchema-instance" xsi:schemaLocation="http://www.imsglobal.org/xsd/imsccv1p1/imscp_v1p1 http://www.imsglobal.org/xsd/imscp_v1p1.xsd http://ltsc.ieee.org/xsd/imsccv1p1/LOM/resource http://www.imsglobal.org/profile/cc/ccv1p1/LOM/ccv1p1_lomresource_v1p0.xsd http://www.imsglobal.org/xsd/imsmd_v1p2 http://www.imsglobal.org/xsd/imsmd_v1p2p2.xsd">
  <metadata>
    <schema>IMS Content</schema>
    <schemaversion>1.1.3</schemaversion>
    <imsmd:lom>
      <imsmd:general>
        <imsmd:title>
          <imsmd:string>QTI assessment generated by text2qti</imsmd:string>
        </imsmd:title>
      </imsmd:general>
      <imsmd:lifeCycle>
        <imsmd:contribute>
          <imsmd:date>
            <imsmd:dateTime>2025-01-02</imsmd:dateTime>
          </imsmd:date>
        </imsmd:contribute>
      </imsmd:lifeCycle>
      <imsmd:rights>
        <imsmd:copyrightAndOtherRestrictions>
          <imsmd:value>yes</imsmd:value>
        </imsmd:copyrightAndOtherRestrictions>
        <imsmd:description>
          <imsmd:string>Private (Copyrighted) - http://en.wikipedia.org/wiki/Copyright</imsmd:string>
        </imsmd:description>
      </imsmd:rights>
    </imsmd:lom>
  </metadata>
  <organizations/>
  <resources>
    <resource identifier="text2qti_assessment_22a005cc7282bfe644a40a3de94a8d33d2d079a6ada09cd1b894fa273d05f752" type="imsqti_xmlv1p2">
      <file href="text2qti_assessment_22a005cc7282bfe644a40a3de94a8d33d2d079a6ada09cd1b894fa273d05f752/text2qti_assessment_22a005cc7282bfe644a40a3de94a8d33d2d079a6ada09cd1b894fa273d05f752.xml"/>
      <dependency identifierref="text2qti_dependency_22a005cc7282bfe644a40a3de94a8d33d2d079a6ada09cd1b894fa273d05f752"/>
    </resource>
    <resource identifier="text2qti_dependency_22a005cc7282bfe644a40a3de94a8d33d2d079a6ada09cd1b894fa273d05f752" type="associatedcontent/imscc_xmlv1p1/learning-application-resource" href="text2qti_assessment_22a005cc7282bfe644a40a3de94a8d33d2d079a6ada09cd1b894fa273d05f752/assessment_meta.xml">
      <file href="text2qti_assessment_22a005cc7282bfe644a40a3de94a8d33d2d079a6ada09cd1b894fa273d05f752/assessment_meta.xml"/>
    </resource>
  </resources>
</manifest>
