<?xml version="1.0" encoding="UTF-8"?>
<quiz identifier="text2qti_assessment_3bd2b33cdea6550c29addd4141a518ae262bfe0871419c2de4b912db053260b1" xmlns="http://canvas.instructure.com/xsd/cccv1p0" xmlns:xsi="http://www.w3.org/2001/XMLSchema-instance" xsi:schemaLocation="http://canvas.instructure.com/xsd/cccv1p0 https://canvas.instructure.com/xsd/cccv1p0.xsd">
  <title>Quiz 2 - Bank - ER Models - Blooms 3 (Apply)</title>
  <description>&lt;p&gt;This practice quiz focuses on entity-relation models and diagrams.&lt;/p&gt;
&lt;p&gt;An entity-relationship (ER) model is a conceptual data model used in the field of database design to represent the structure of a database. It focuses on describing the entities (objects, concepts, or things) in a domain, the relationships between those entities, and the attributes (properties or characteristics) associated with the entities. The ER model is commonly used to visualize and understand the high-level organization of data within a system before it is implemented in a database management system.&lt;/p&gt;
&lt;p&gt;Bloom’s Taxonomy, revised in 2001, categorizes six levels of learning from lower- to higher-level thinking skills: Remember, Understand, Apply, Analyze, Evaluate, and Create. Ideally, learning outcomes, class activities, and assessments map to these ascending levels throughout a class or course. Instructors can develop or select questions that assess different levels of cognition, keeping in mind that MC questions at the Create level may prove more challenging to develop.&lt;/p&gt;</description>
  <shuffle_answers>false</shuffle_answers>
  <scoring_policy>keep_highest</scoring_policy>
  <hide_results></hide_results>
  <quiz_type>assignment</quiz_type>
  <points_possible>20.0</points_possible>
  <require_lockdown_browser>false</require_lockdown_browser>
  <require_lockdown_browser_for_results>false</require_lockdown_browser_for_results>
  <require_lockdown_browser_monitor>false</require_lockdown_browser_monitor>
  <lockdown_browser_monitor_data/>
  <show_correct_answers>true</show_correct_answers>
  <anonymous_submissions>false</anonymous_submissions>
  <could_be_locked>false</could_be_locked>
  <allowed_attempts>1</allowed_attempts>
  <one_question_at_a_time>false</one_question_at_a_time>
  <cant_go_back>false</cant_go_back>
  <available>false</available>
  <one_time_results>false</one_time_results>
  <show_correct_answers_last_attempt>false</show_correct_answers_last_attempt>
  <only_visible_to_overrides>false</only_visible_to_overrides>
  <module_locked>false</module_locked>
  <assignment identifier="text2qti_assignment_3bd2b33cdea6550c29addd4141a518ae262bfe0871419c2de4b912db053260b1">
    <title>Quiz 2 - Bank - ER Models - Blooms 3 (Apply)</title>
    <due_at/>
    <lock_at/>
    <unlock_at/>
    <module_locked>false</module_locked>
    <workflow_state>unpublished</workflow_state>
    <assignment_overrides>
    </assignment_overrides>
    <quiz_identifierref>text2qti_assessment_3bd2b33cdea6550c29addd4141a518ae262bfe0871419c2de4b912db053260b1</quiz_identifierref>
    <allowed_extensions></allowed_extensions>
    <has_group_category>false</has_group_category>
    <points_possible>20.0</points_possible>
    <grading_type>points</grading_type>
    <all_day>false</all_day>
    <submission_types>online_quiz</submission_types>
    <position>1</position>
    <turnitin_enabled>false</turnitin_enabled>
    <vericite_enabled>false</vericite_enabled>
    <peer_review_count>0</peer_review_count>
    <peer_reviews>false</peer_reviews>
    <automatic_peer_reviews>false</automatic_peer_reviews>
    <anonymous_peer_reviews>false</anonymous_peer_reviews>
    <grade_group_students_individually>false</grade_group_students_individually>
    <freeze_on_copy>false</freeze_on_copy>
    <omit_from_final_grade>false</omit_from_final_grade>
    <intra_group_peer_reviews>false</intra_group_peer_reviews>
    <only_visible_to_overrides>false</only_visible_to_overrides>
    <post_to_sis>false</post_to_sis>
    <moderated_grading>false</moderated_grading>
    <grader_count>0</grader_count>
    <grader_comments_visible_to_graders>true</grader_comments_visible_to_graders>
    <anonymous_grading>false</anonymous_grading>
    <graders_anonymous_to_graders>false</graders_anonymous_to_graders>
    <grader_names_visible_to_final_grader>true</grader_names_visible_to_final_grader>
    <anonymous_instructor_annotations>false</anonymous_instructor_annotations>
    <post_policy>
      <post_manually>false</post_manually>
    </post_policy>
  </assignment>
  <assignment_group_identifierref>text2qti_assignment-group_3bd2b33cdea6550c29addd4141a518ae262bfe0871419c2de4b912db053260b1</assignment_group_identifierref>
  <assignment_overrides>
  </assignment_overrides>
</quiz>
