<?xml version="1.0" encoding="UTF-8"?>
<questestinterop xmlns="http://www.imsglobal.org/xsd/ims_qtiasiv1p2" xmlns:xsi="http://www.w3.org/2001/XMLSchema-instance" xsi:schemaLocation="http://www.imsglobal.org/xsd/ims_qtiasiv1p2 http://www.imsglobal.org/xsd/ims_qtiasiv1p2p1.xsd">
  <assessment ident="text2qti_assessment_baf60834edad4556a154c1bb503867ea738e30382d92012a302163104e1db90e" title="Quiz1 - Bank - ER Models - Blooms 2 (Understand)">
    <qtimetadata>
      <qtimetadatafield>
        <fieldlabel>cc_maxattempts</fieldlabel>
        <fieldentry>1</fieldentry>
      </qtimetadatafield>
    </qtimetadata>
    <section ident="root_section">
      <item ident="text2qti_question_d6694983afff78650f1da5fff81fa1cbe1f2d800d6588ac1748693b2884bceb7" title="Question">
        <itemmetadata>
          <qtimetadata>
            <qtimetadatafield>
              <fieldlabel>question_type</fieldlabel>
              <fieldentry>multiple_choice_question</fieldentry>
            </qtimetadatafield>
            <qtimetadatafield>
              <fieldlabel>points_possible</fieldlabel>
              <fieldentry>1</fieldentry>
            </qtimetadatafield>
            <qtimetadatafield>
              <fieldlabel>original_answer_ids</fieldlabel>
              <fieldentry>text2qti_choice_1fdd27db9360e84f7e86324f98f717ce4935be1523bb9a2ff5216a87839f9bb7,text2qti_choice_947cf0d87879055e2d0413bb91da93893f61cea99336862df2af71781759d046,text2qti_choice_1486392f400ac8c97b87e314190974eff3d88efaf38b744bef3ff27409f7bb6a,text2qti_choice_07f333dcb540f957942cf316c709b4d797d64185cbc37e22462a5ec2ca8340d8</fieldentry>
            </qtimetadatafield>
            <qtimetadatafield>
              <fieldlabel>assessment_question_identifierref</fieldlabel>
              <fieldentry>text2qti_question_ref_d6694983afff78650f1da5fff81fa1cbe1f2d800d6588ac1748693b2884bceb7</fieldentry>
            </qtimetadatafield>
          </qtimetadata>
        </itemmetadata>
        <presentation>
          <material>
            <mattext texttype="text/html">&lt;p&gt;What does an entity in an ER diagram represent?&lt;/p&gt;</mattext>
          </material>
          <response_lid ident="response1" rcardinality="Single">
            <render_choice>
              <response_label ident="text2qti_choice_1fdd27db9360e84f7e86324f98f717ce4935be1523bb9a2ff5216a87839f9bb7">
                <material>
                  <mattext texttype="text/html">&lt;p&gt;A relationship&lt;/p&gt;</mattext>
                </material>
              </response_label>
              <response_label ident="text2qti_choice_947cf0d87879055e2d0413bb91da93893f61cea99336862df2af71781759d046">
                <material>
                  <mattext texttype="text/html">&lt;p&gt;A table in the database&lt;/p&gt;</mattext>
                </material>
              </response_label>
              <response_label ident="text2qti_choice_1486392f400ac8c97b87e314190974eff3d88efaf38b744bef3ff27409f7bb6a">
                <material>
                  <mattext texttype="text/html">&lt;p&gt;An attribute&lt;/p&gt;</mattext>
                </material>
              </response_label>
              <response_label ident="text2qti_choice_07f333dcb540f957942cf316c709b4d797d64185cbc37e22462a5ec2ca8340d8">
                <material>
                  <mattext texttype="text/html">&lt;p&gt;A constraint&lt;/p&gt;</mattext>
                </material>
              </response_label>
            </render_choice>
          </response_lid>
        </presentation>
        <resprocessing>
          <outcomes>
            <decvar maxvalue="100" minvalue="0" varname="SCORE" vartype="Decimal"/>
          </outcomes>
          <respcondition continue="No">
            <conditionvar>
              <varequal respident="response1">text2qti_choice_947cf0d87879055e2d0413bb91da93893f61cea99336862df2af71781759d046</varequal>
            </conditionvar>
            <setvar action="Set" varname="SCORE">100</setvar>
          </respcondition>
        </resprocessing>
      </item>
      <item ident="text2qti_question_c662cc728065feea82e9e674d19fbb5d94d93d5d6872e0ecc258173b9f105b32" title="Question">
        <itemmetadata>
          <qtimetadata>
            <qtimetadatafield>
              <fieldlabel>question_type</fieldlabel>
              <fieldentry>multiple_choice_question</fieldentry>
            </qtimetadatafield>
            <qtimetadatafield>
              <fieldlabel>points_possible</fieldlabel>
              <fieldentry>1</fieldentry>
            </qtimetadatafield>
            <qtimetadatafield>
              <fieldlabel>original_answer_ids</fieldlabel>
              <fieldentry>text2qti_choice_1e33cc916e2a859bf42b5d48e2ccf4027626eb0ca80583f7a0e28d62ea459feb,text2qti_choice_2b0e44cc67066773c1035cfb45d6e32a87485a223136c27500234270d855861b,text2qti_choice_2bb9a31b6c7991233aa312d02adbece86088b981d66fc4d8dfa90e1b4cea7236,text2qti_choice_0a1c5839e4739f9155ed6acb479f599cfa5729e3bd24163bfeba5e66337c08e8</fieldentry>
            </qtimetadatafield>
            <qtimetadatafield>
              <fieldlabel>assessment_question_identifierref</fieldlabel>
              <fieldentry>text2qti_question_ref_c662cc728065feea82e9e674d19fbb5d94d93d5d6872e0ecc258173b9f105b32</fieldentry>
            </qtimetadatafield>
          </qtimetadata>
        </itemmetadata>
        <presentation>
          <material>
            <mattext texttype="text/html">&lt;p&gt;What does a diamond shape symbolize in an ER diagram?&lt;/p&gt;</mattext>
          </material>
          <response_lid ident="response1" rcardinality="Single">
            <render_choice>
              <response_label ident="text2qti_choice_1e33cc916e2a859bf42b5d48e2ccf4027626eb0ca80583f7a0e28d62ea459feb">
                <material>
                  <mattext texttype="text/html">&lt;p&gt;Entity&lt;/p&gt;</mattext>
                </material>
              </response_label>
              <response_label ident="text2qti_choice_2b0e44cc67066773c1035cfb45d6e32a87485a223136c27500234270d855861b">
                <material>
                  <mattext texttype="text/html">&lt;p&gt;Attribute&lt;/p&gt;</mattext>
                </material>
              </response_label>
              <response_label ident="text2qti_choice_2bb9a31b6c7991233aa312d02adbece86088b981d66fc4d8dfa90e1b4cea7236">
                <material>
                  <mattext texttype="text/html">&lt;p&gt;Relationship&lt;/p&gt;</mattext>
                </material>
              </response_label>
              <response_label ident="text2qti_choice_0a1c5839e4739f9155ed6acb479f599cfa5729e3bd24163bfeba5e66337c08e8">
                <material>
                  <mattext texttype="text/html">&lt;p&gt;Cardinality&lt;/p&gt;</mattext>
                </material>
              </response_label>
            </render_choice>
          </response_lid>
        </presentation>
        <resprocessing>
          <outcomes>
            <decvar maxvalue="100" minvalue="0" varname="SCORE" vartype="Decimal"/>
          </outcomes>
          <respcondition continue="No">
            <conditionvar>
              <varequal respident="response1">text2qti_choice_2bb9a31b6c7991233aa312d02adbece86088b981d66fc4d8dfa90e1b4cea7236</varequal>
            </conditionvar>
            <setvar action="Set" varname="SCORE">100</setvar>
          </respcondition>
        </resprocessing>
      </item>
      <item ident="text2qti_question_2eca4bfea0cb57be6a7a961e5ce665c09686d040034d666880c33c90372c4a56" title="Question">
        <itemmetadata>
          <qtimetadata>
            <qtimetadatafield>
              <fieldlabel>question_type</fieldlabel>
              <fieldentry>multiple_choice_question</fieldentry>
            </qtimetadatafield>
            <qtimetadatafield>
              <fieldlabel>points_possible</fieldlabel>
              <fieldentry>1</fieldentry>
            </qtimetadatafield>
            <qtimetadatafield>
              <fieldlabel>original_answer_ids</fieldlabel>
              <fieldentry>text2qti_choice_cd1497c7fd9988f68ecda6d5d36a17fbf4882171557cfcd077e3ddee578bdee5,text2qti_choice_beb0c8aef0cbcf7110b0768129b3878c88229b97a48770b7d6944cebdfb0310f,text2qti_choice_0ff31214c19a8548bd6150f14f3f4a01be3d9a251174137585bf9091c1051a55,text2qti_choice_f69ea80e1bda7a064a7a0c03c5085460ee6b51bbaab167125c3932f4308d42ff</fieldentry>
            </qtimetadatafield>
            <qtimetadatafield>
              <fieldlabel>assessment_question_identifierref</fieldlabel>
              <fieldentry>text2qti_question_ref_2eca4bfea0cb57be6a7a961e5ce665c09686d040034d666880c33c90372c4a56</fieldentry>
            </qtimetadatafield>
          </qtimetadata>
        </itemmetadata>
        <presentation>
          <material>
            <mattext texttype="text/html">&lt;p&gt;Which of the following describes the “one-to-many” relationship?&lt;/p&gt;</mattext>
          </material>
          <response_lid ident="response1" rcardinality="Single">
            <render_choice>
              <response_label ident="text2qti_choice_cd1497c7fd9988f68ecda6d5d36a17fbf4882171557cfcd077e3ddee578bdee5">
                <material>
                  <mattext texttype="text/html">&lt;p&gt;One entity can be associated with many entities in another set.&lt;/p&gt;</mattext>
                </material>
              </response_label>
              <response_label ident="text2qti_choice_beb0c8aef0cbcf7110b0768129b3878c88229b97a48770b7d6944cebdfb0310f">
                <material>
                  <mattext texttype="text/html">&lt;p&gt;Each entity can be associated with just one entity in another set.&lt;/p&gt;</mattext>
                </material>
              </response_label>
              <response_label ident="text2qti_choice_0ff31214c19a8548bd6150f14f3f4a01be3d9a251174137585bf9091c1051a55">
                <material>
                  <mattext texttype="text/html">&lt;p&gt;Many entities can be associated with many entities in another set.&lt;/p&gt;</mattext>
                </material>
              </response_label>
              <response_label ident="text2qti_choice_f69ea80e1bda7a064a7a0c03c5085460ee6b51bbaab167125c3932f4308d42ff">
                <material>
                  <mattext texttype="text/html">&lt;p&gt;None of the above&lt;/p&gt;</mattext>
                </material>
              </response_label>
            </render_choice>
          </response_lid>
        </presentation>
        <resprocessing>
          <outcomes>
            <decvar maxvalue="100" minvalue="0" varname="SCORE" vartype="Decimal"/>
          </outcomes>
          <respcondition continue="No">
            <conditionvar>
              <varequal respident="response1">text2qti_choice_cd1497c7fd9988f68ecda6d5d36a17fbf4882171557cfcd077e3ddee578bdee5</varequal>
            </conditionvar>
            <setvar action="Set" varname="SCORE">100</setvar>
          </respcondition>
        </resprocessing>
      </item>
      <item ident="text2qti_question_7af03c3203151ab74e8753440d309afa4bad2d913473ce55d87fdea92d0aca2b" title="Question">
        <itemmetadata>
          <qtimetadata>
            <qtimetadatafield>
              <fieldlabel>question_type</fieldlabel>
              <fieldentry>multiple_choice_question</fieldentry>
            </qtimetadatafield>
            <qtimetadatafield>
              <fieldlabel>points_possible</fieldlabel>
              <fieldentry>1</fieldentry>
            </qtimetadatafield>
            <qtimetadatafield>
              <fieldlabel>original_answer_ids</fieldlabel>
              <fieldentry>text2qti_choice_57bcee183e8dc68d35175d02563d97b2f8238ec90571586926fe1b333d6ac15b,text2qti_choice_2fdbfbae674faa7d6a134fd10825767cf40c4f8f60d23d4bdc1aa3c4084c6500,text2qti_choice_f73bc12f6a44fe4499fca8ee383d0fdfe673a44150a8e85c4c386c6ac7a3759d,text2qti_choice_0c2db58cd85859d17be1d4737db86a72315f4dc7443621e8eb60f8ff55c1c1d9</fieldentry>
            </qtimetadatafield>
            <qtimetadatafield>
              <fieldlabel>assessment_question_identifierref</fieldlabel>
              <fieldentry>text2qti_question_ref_7af03c3203151ab74e8753440d309afa4bad2d913473ce55d87fdea92d0aca2b</fieldentry>
            </qtimetadatafield>
          </qtimetadata>
        </itemmetadata>
        <presentation>
          <material>
            <mattext texttype="text/html">&lt;p&gt;What do oval shapes usually signify in an ER diagram?&lt;/p&gt;</mattext>
          </material>
          <response_lid ident="response1" rcardinality="Single">
            <render_choice>
              <response_label ident="text2qti_choice_57bcee183e8dc68d35175d02563d97b2f8238ec90571586926fe1b333d6ac15b">
                <material>
                  <mattext texttype="text/html">&lt;p&gt;Attributes&lt;/p&gt;</mattext>
                </material>
              </response_label>
              <response_label ident="text2qti_choice_2fdbfbae674faa7d6a134fd10825767cf40c4f8f60d23d4bdc1aa3c4084c6500">
                <material>
                  <mattext texttype="text/html">&lt;p&gt;Entities&lt;/p&gt;</mattext>
                </material>
              </response_label>
              <response_label ident="text2qti_choice_f73bc12f6a44fe4499fca8ee383d0fdfe673a44150a8e85c4c386c6ac7a3759d">
                <material>
                  <mattext texttype="text/html">&lt;p&gt;Relationships&lt;/p&gt;</mattext>
                </material>
              </response_label>
              <response_label ident="text2qti_choice_0c2db58cd85859d17be1d4737db86a72315f4dc7443621e8eb60f8ff55c1c1d9">
                <material>
                  <mattext texttype="text/html">&lt;p&gt;Constraints&lt;/p&gt;</mattext>
                </material>
              </response_label>
            </render_choice>
          </response_lid>
        </presentation>
        <resprocessing>
          <outcomes>
            <decvar maxvalue="100" minvalue="0" varname="SCORE" vartype="Decimal"/>
          </outcomes>
          <respcondition continue="No">
            <conditionvar>
              <varequal respident="response1">text2qti_choice_57bcee183e8dc68d35175d02563d97b2f8238ec90571586926fe1b333d6ac15b</varequal>
            </conditionvar>
            <setvar action="Set" varname="SCORE">100</setvar>
          </respcondition>
        </resprocessing>
      </item>
      <item ident="text2qti_question_91753d0be180ee92b8925fc41d1d0f5d0e354f6402dec2b7bec73e5ce8aa0e04" title="Question">
        <itemmetadata>
          <qtimetadata>
            <qtimetadatafield>
              <fieldlabel>question_type</fieldlabel>
              <fieldentry>multiple_choice_question</fieldentry>
            </qtimetadatafield>
            <qtimetadatafield>
              <fieldlabel>points_possible</fieldlabel>
              <fieldentry>1</fieldentry>
            </qtimetadatafield>
            <qtimetadatafield>
              <fieldlabel>original_answer_ids</fieldlabel>
              <fieldentry>text2qti_choice_cdfbc29eb12f9be37a55623e39b37a718186633a19b797aff807167d31ba6bda,text2qti_choice_3e4f95f567464bd0cae095c4a7f47151c877b737ba846edbbd2524eea08342d2,text2qti_choice_0ad0d98d9899694a52ca3ce9cdd400104cf6cc4a40864ffd18db3b85e271c517,text2qti_choice_bf650dd79333b9a39ecd34a870e9118ab8479a11bbf202f1075f124345b8b08a</fieldentry>
            </qtimetadatafield>
            <qtimetadatafield>
              <fieldlabel>assessment_question_identifierref</fieldlabel>
              <fieldentry>text2qti_question_ref_91753d0be180ee92b8925fc41d1d0f5d0e354f6402dec2b7bec73e5ce8aa0e04</fieldentry>
            </qtimetadatafield>
          </qtimetadata>
        </itemmetadata>
        <presentation>
          <material>
            <mattext texttype="text/html">&lt;p&gt;What is a composite attribute?&lt;/p&gt;</mattext>
          </material>
          <response_lid ident="response1" rcardinality="Single">
            <render_choice>
              <response_label ident="text2qti_choice_cdfbc29eb12f9be37a55623e39b37a718186633a19b797aff807167d31ba6bda">
                <material>
                  <mattext texttype="text/html">&lt;p&gt;An attribute that can be divided into smaller sub-parts&lt;/p&gt;</mattext>
                </material>
              </response_label>
              <response_label ident="text2qti_choice_3e4f95f567464bd0cae095c4a7f47151c877b737ba846edbbd2524eea08342d2">
                <material>
                  <mattext texttype="text/html">&lt;p&gt;An attribute that combines two or more entities&lt;/p&gt;</mattext>
                </material>
              </response_label>
              <response_label ident="text2qti_choice_0ad0d98d9899694a52ca3ce9cdd400104cf6cc4a40864ffd18db3b85e271c517">
                <material>
                  <mattext texttype="text/html">&lt;p&gt;An attribute that cannot be divided further&lt;/p&gt;</mattext>
                </material>
              </response_label>
              <response_label ident="text2qti_choice_bf650dd79333b9a39ecd34a870e9118ab8479a11bbf202f1075f124345b8b08a">
                <material>
                  <mattext texttype="text/html">&lt;p&gt;An attribute that forms a primary key&lt;/p&gt;</mattext>
                </material>
              </response_label>
            </render_choice>
          </response_lid>
        </presentation>
        <resprocessing>
          <outcomes>
            <decvar maxvalue="100" minvalue="0" varname="SCORE" vartype="Decimal"/>
          </outcomes>
          <respcondition continue="No">
            <conditionvar>
              <varequal respident="response1">text2qti_choice_cdfbc29eb12f9be37a55623e39b37a718186633a19b797aff807167d31ba6bda</varequal>
            </conditionvar>
            <setvar action="Set" varname="SCORE">100</setvar>
          </respcondition>
        </resprocessing>
      </item>
      <item ident="text2qti_question_7ba64ce1bc3c11b3c409b0e5a0172ae7679d8430f2db745b5a6e3f65159157a7" title="Question">
        <itemmetadata>
          <qtimetadata>
            <qtimetadatafield>
              <fieldlabel>question_type</fieldlabel>
              <fieldentry>multiple_choice_question</fieldentry>
            </qtimetadatafield>
            <qtimetadatafield>
              <fieldlabel>points_possible</fieldlabel>
              <fieldentry>1</fieldentry>
            </qtimetadatafield>
            <qtimetadatafield>
              <fieldlabel>original_answer_ids</fieldlabel>
              <fieldentry>text2qti_choice_e7dd72e85ea7cd8ebb706797bc8520fd9d39045f77e5d014abdac8e2774a8619,text2qti_choice_2f8ee42c184df73915e6544e28bffc1edfba0917b6c3322f94cefc94e2ab2679,text2qti_choice_924ec6a0bdcbc269053c8d49f5e5acfbb3e7830a26ee72678a6188cacb036b3d,text2qti_choice_7a35f897e06faca8b4e0c262e2c01b5b4bfdac6bc8c7b085d2121b08c38d94f1</fieldentry>
            </qtimetadatafield>
            <qtimetadatafield>
              <fieldlabel>assessment_question_identifierref</fieldlabel>
              <fieldentry>text2qti_question_ref_7ba64ce1bc3c11b3c409b0e5a0172ae7679d8430f2db745b5a6e3f65159157a7</fieldentry>
            </qtimetadatafield>
          </qtimetadata>
        </itemmetadata>
        <presentation>
          <material>
            <mattext texttype="text/html">&lt;p&gt;In ER diagrams, what does cardinality specify?&lt;/p&gt;</mattext>
          </material>
          <response_lid ident="response1" rcardinality="Single">
            <render_choice>
              <response_label ident="text2qti_choice_e7dd72e85ea7cd8ebb706797bc8520fd9d39045f77e5d014abdac8e2774a8619">
                <material>
                  <mattext texttype="text/html">&lt;p&gt;The uniqueness of an entity&lt;/p&gt;</mattext>
                </material>
              </response_label>
              <response_label ident="text2qti_choice_2f8ee42c184df73915e6544e28bffc1edfba0917b6c3322f94cefc94e2ab2679">
                <material>
                  <mattext texttype="text/html">&lt;p&gt;The number of entities involved in a relationship&lt;/p&gt;</mattext>
                </material>
              </response_label>
              <response_label ident="text2qti_choice_924ec6a0bdcbc269053c8d49f5e5acfbb3e7830a26ee72678a6188cacb036b3d">
                <material>
                  <mattext texttype="text/html">&lt;p&gt;The key attributes of an entity&lt;/p&gt;</mattext>
                </material>
              </response_label>
              <response_label ident="text2qti_choice_7a35f897e06faca8b4e0c262e2c01b5b4bfdac6bc8c7b085d2121b08c38d94f1">
                <material>
                  <mattext texttype="text/html">&lt;p&gt;The shape of the diagram&lt;/p&gt;</mattext>
                </material>
              </response_label>
            </render_choice>
          </response_lid>
        </presentation>
        <resprocessing>
          <outcomes>
            <decvar maxvalue="100" minvalue="0" varname="SCORE" vartype="Decimal"/>
          </outcomes>
          <respcondition continue="No">
            <conditionvar>
              <varequal respident="response1">text2qti_choice_2f8ee42c184df73915e6544e28bffc1edfba0917b6c3322f94cefc94e2ab2679</varequal>
            </conditionvar>
            <setvar action="Set" varname="SCORE">100</setvar>
          </respcondition>
        </resprocessing>
      </item>
      <item ident="text2qti_question_23354bdadf36e0e36097813773c9e741e1c1af3984ea2c446bf432c9ddaa2aea" title="Question">
        <itemmetadata>
          <qtimetadata>
            <qtimetadatafield>
              <fieldlabel>question_type</fieldlabel>
              <fieldentry>multiple_choice_question</fieldentry>
            </qtimetadatafield>
            <qtimetadatafield>
              <fieldlabel>points_possible</fieldlabel>
              <fieldentry>1</fieldentry>
            </qtimetadatafield>
            <qtimetadatafield>
              <fieldlabel>original_answer_ids</fieldlabel>
              <fieldentry>text2qti_choice_ec751e6efadf75bb198ef3b588b71aefff81473c2a0e051b0b797c9cda78b900,text2qti_choice_ad25b02d822032cd068020cbbf14998e8e79078f545ac8a453a820ffc56f74b4,text2qti_choice_17bf9d180f8a9d2398b28faa4077b1e2fd89b0f614308216e109b0898a12857f,text2qti_choice_c106eda9ec3a3876cb97493dfac623095260769cff2fcb5c884b19d593b04aa3</fieldentry>
            </qtimetadatafield>
            <qtimetadatafield>
              <fieldlabel>assessment_question_identifierref</fieldlabel>
              <fieldentry>text2qti_question_ref_23354bdadf36e0e36097813773c9e741e1c1af3984ea2c446bf432c9ddaa2aea</fieldentry>
            </qtimetadatafield>
          </qtimetadata>
        </itemmetadata>
        <presentation>
          <material>
            <mattext texttype="text/html">&lt;p&gt;What does a weak entity mean in ER modeling?&lt;/p&gt;</mattext>
          </material>
          <response_lid ident="response1" rcardinality="Single">
            <render_choice>
              <response_label ident="text2qti_choice_ec751e6efadf75bb198ef3b588b71aefff81473c2a0e051b0b797c9cda78b900">
                <material>
                  <mattext texttype="text/html">&lt;p&gt;An entity with few attributes&lt;/p&gt;</mattext>
                </material>
              </response_label>
              <response_label ident="text2qti_choice_ad25b02d822032cd068020cbbf14998e8e79078f545ac8a453a820ffc56f74b4">
                <material>
                  <mattext texttype="text/html">&lt;p&gt;An entity that depends on another entity for its existence&lt;/p&gt;</mattext>
                </material>
              </response_label>
              <response_label ident="text2qti_choice_17bf9d180f8a9d2398b28faa4077b1e2fd89b0f614308216e109b0898a12857f">
                <material>
                  <mattext texttype="text/html">&lt;p&gt;An entity with no relationships&lt;/p&gt;</mattext>
                </material>
              </response_label>
              <response_label ident="text2qti_choice_c106eda9ec3a3876cb97493dfac623095260769cff2fcb5c884b19d593b04aa3">
                <material>
                  <mattext texttype="text/html">&lt;p&gt;An entity that is optional in the diagram&lt;/p&gt;</mattext>
                </material>
              </response_label>
            </render_choice>
          </response_lid>
        </presentation>
        <resprocessing>
          <outcomes>
            <decvar maxvalue="100" minvalue="0" varname="SCORE" vartype="Decimal"/>
          </outcomes>
          <respcondition continue="No">
            <conditionvar>
              <varequal respident="response1">text2qti_choice_ad25b02d822032cd068020cbbf14998e8e79078f545ac8a453a820ffc56f74b4</varequal>
            </conditionvar>
            <setvar action="Set" varname="SCORE">100</setvar>
          </respcondition>
        </resprocessing>
      </item>
      <item ident="text2qti_question_9ea3d8d11546034fe37dcb67aae61c2d6a27703034e86bd4fff2c3968c6b97b3" title="Question">
        <itemmetadata>
          <qtimetadata>
            <qtimetadatafield>
              <fieldlabel>question_type</fieldlabel>
              <fieldentry>multiple_choice_question</fieldentry>
            </qtimetadatafield>
            <qtimetadatafield>
              <fieldlabel>points_possible</fieldlabel>
              <fieldentry>1</fieldentry>
            </qtimetadatafield>
            <qtimetadatafield>
              <fieldlabel>original_answer_ids</fieldlabel>
              <fieldentry>text2qti_choice_12573203270df999b193f142b323c62781d3a47e758b6515cbf2ccfe52b29719,text2qti_choice_98b85bff17f8ec9de211931eb0da58c6edd38f5df8392ee6cd1bf055dfd02a4f,text2qti_choice_09b33b5cf9035842d878f86095f798691ea2475c5b5f981b9b2ff07f85e36aa4,text2qti_choice_0839c9b630d97e19bfcc06a7c32477dcc31825de634417fb1aae549ea4629368</fieldentry>
            </qtimetadatafield>
            <qtimetadatafield>
              <fieldlabel>assessment_question_identifierref</fieldlabel>
              <fieldentry>text2qti_question_ref_9ea3d8d11546034fe37dcb67aae61c2d6a27703034e86bd4fff2c3968c6b97b3</fieldentry>
            </qtimetadatafield>
          </qtimetadata>
        </itemmetadata>
        <presentation>
          <material>
            <mattext texttype="text/html">&lt;p&gt;What does a double oval represent in an ER diagram?&lt;/p&gt;</mattext>
          </material>
          <response_lid ident="response1" rcardinality="Single">
            <render_choice>
              <response_label ident="text2qti_choice_12573203270df999b193f142b323c62781d3a47e758b6515cbf2ccfe52b29719">
                <material>
                  <mattext texttype="text/html">&lt;p&gt;Multivalued attribute&lt;/p&gt;</mattext>
                </material>
              </response_label>
              <response_label ident="text2qti_choice_98b85bff17f8ec9de211931eb0da58c6edd38f5df8392ee6cd1bf055dfd02a4f">
                <material>
                  <mattext texttype="text/html">&lt;p&gt;Primary key&lt;/p&gt;</mattext>
                </material>
              </response_label>
              <response_label ident="text2qti_choice_09b33b5cf9035842d878f86095f798691ea2475c5b5f981b9b2ff07f85e36aa4">
                <material>
                  <mattext texttype="text/html">&lt;p&gt;Weak entity&lt;/p&gt;</mattext>
                </material>
              </response_label>
              <response_label ident="text2qti_choice_0839c9b630d97e19bfcc06a7c32477dcc31825de634417fb1aae549ea4629368">
                <material>
                  <mattext texttype="text/html">&lt;p&gt;Relationship&lt;/p&gt;</mattext>
                </material>
              </response_label>
            </render_choice>
          </response_lid>
        </presentation>
        <resprocessing>
          <outcomes>
            <decvar maxvalue="100" minvalue="0" varname="SCORE" vartype="Decimal"/>
          </outcomes>
          <respcondition continue="No">
            <conditionvar>
              <varequal respident="response1">text2qti_choice_12573203270df999b193f142b323c62781d3a47e758b6515cbf2ccfe52b29719</varequal>
            </conditionvar>
            <setvar action="Set" varname="SCORE">100</setvar>
          </respcondition>
        </resprocessing>
      </item>
      <item ident="text2qti_question_75f2ccc81ff7e7f1b47e9859845fc9954f19f76d6cd4bdb03d6dc1d67f5ca684" title="Question">
        <itemmetadata>
          <qtimetadata>
            <qtimetadatafield>
              <fieldlabel>question_type</fieldlabel>
              <fieldentry>multiple_choice_question</fieldentry>
            </qtimetadatafield>
            <qtimetadatafield>
              <fieldlabel>points_possible</fieldlabel>
              <fieldentry>1</fieldentry>
            </qtimetadatafield>
            <qtimetadatafield>
              <fieldlabel>original_answer_ids</fieldlabel>
              <fieldentry>text2qti_choice_40be3dfbef1eddb20ba74d2089e1bc4e7d031bcb310c4b84c01d6bd45bbd3c57,text2qti_choice_3ff2c49c83e3fc10d6375e4aa4edebc6998d806c268aa7e15a487e3a91264110,text2qti_choice_f2605f374224fdc3f309bc5122ef58ea8f3f2ff0e7ef8b3512e391b5dd3981bf,text2qti_choice_52b6c486b71ac26bacab7269bb98e28604b249672d27488094111f719a97988d</fieldentry>
            </qtimetadatafield>
            <qtimetadatafield>
              <fieldlabel>assessment_question_identifierref</fieldlabel>
              <fieldentry>text2qti_question_ref_75f2ccc81ff7e7f1b47e9859845fc9954f19f76d6cd4bdb03d6dc1d67f5ca684</fieldentry>
            </qtimetadatafield>
          </qtimetadata>
        </itemmetadata>
        <presentation>
          <material>
            <mattext texttype="text/html">&lt;p&gt;Which of the following describes a ternary relationship?&lt;/p&gt;</mattext>
          </material>
          <response_lid ident="response1" rcardinality="Single">
            <render_choice>
              <response_label ident="text2qti_choice_40be3dfbef1eddb20ba74d2089e1bc4e7d031bcb310c4b84c01d6bd45bbd3c57">
                <material>
                  <mattext texttype="text/html">&lt;p&gt;A relationship between three attributes&lt;/p&gt;</mattext>
                </material>
              </response_label>
              <response_label ident="text2qti_choice_3ff2c49c83e3fc10d6375e4aa4edebc6998d806c268aa7e15a487e3a91264110">
                <material>
                  <mattext texttype="text/html">&lt;p&gt;A relationship between three entities&lt;/p&gt;</mattext>
                </material>
              </response_label>
              <response_label ident="text2qti_choice_f2605f374224fdc3f309bc5122ef58ea8f3f2ff0e7ef8b3512e391b5dd3981bf">
                <material>
                  <mattext texttype="text/html">&lt;p&gt;A relationship between two entities and one attribute&lt;/p&gt;</mattext>
                </material>
              </response_label>
              <response_label ident="text2qti_choice_52b6c486b71ac26bacab7269bb98e28604b249672d27488094111f719a97988d">
                <material>
                  <mattext texttype="text/html">&lt;p&gt;A relationship that exists for three instances&lt;/p&gt;</mattext>
                </material>
              </response_label>
            </render_choice>
          </response_lid>
        </presentation>
        <resprocessing>
          <outcomes>
            <decvar maxvalue="100" minvalue="0" varname="SCORE" vartype="Decimal"/>
          </outcomes>
          <respcondition continue="No">
            <conditionvar>
              <varequal respident="response1">text2qti_choice_3ff2c49c83e3fc10d6375e4aa4edebc6998d806c268aa7e15a487e3a91264110</varequal>
            </conditionvar>
            <setvar action="Set" varname="SCORE">100</setvar>
          </respcondition>
        </resprocessing>
      </item>
      <item ident="text2qti_question_0f498644978974456be4f0db2c051f2ffaaa5de6daa89c56d49ce8abe7e7c466" title="Question">
        <itemmetadata>
          <qtimetadata>
            <qtimetadatafield>
              <fieldlabel>question_type</fieldlabel>
              <fieldentry>multiple_choice_question</fieldentry>
            </qtimetadatafield>
            <qtimetadatafield>
              <fieldlabel>points_possible</fieldlabel>
              <fieldentry>1</fieldentry>
            </qtimetadatafield>
            <qtimetadatafield>
              <fieldlabel>original_answer_ids</fieldlabel>
              <fieldentry>text2qti_choice_f2d770664a4c0583084d2c10012be7c1709ae6f4be693b0be2dded832f7333bf,text2qti_choice_b617c52f6688e14d90f9ada7d3676294df58669d20e03bd61ddd73afacce7a75,text2qti_choice_a75ac40c4a8e12ad62d9701f174e956a10554e6e8c2fd2835539fdceaababed4,text2qti_choice_a0929215eaf10b1e8972cf379575223efe8b71f64a1252cb30f8ad52e5345d81</fieldentry>
            </qtimetadatafield>
            <qtimetadatafield>
              <fieldlabel>assessment_question_identifierref</fieldlabel>
              <fieldentry>text2qti_question_ref_0f498644978974456be4f0db2c051f2ffaaa5de6daa89c56d49ce8abe7e7c466</fieldentry>
            </qtimetadatafield>
          </qtimetadata>
        </itemmetadata>
        <presentation>
          <material>
            <mattext texttype="text/html">&lt;p&gt;Which of these is NOT a type of attribute in ER modeling?&lt;/p&gt;</mattext>
          </material>
          <response_lid ident="response1" rcardinality="Single">
            <render_choice>
              <response_label ident="text2qti_choice_f2d770664a4c0583084d2c10012be7c1709ae6f4be693b0be2dded832f7333bf">
                <material>
                  <mattext texttype="text/html">&lt;p&gt;Multivalued&lt;/p&gt;</mattext>
                </material>
              </response_label>
              <response_label ident="text2qti_choice_b617c52f6688e14d90f9ada7d3676294df58669d20e03bd61ddd73afacce7a75">
                <material>
                  <mattext texttype="text/html">&lt;p&gt;Derived&lt;/p&gt;</mattext>
                </material>
              </response_label>
              <response_label ident="text2qti_choice_a75ac40c4a8e12ad62d9701f174e956a10554e6e8c2fd2835539fdceaababed4">
                <material>
                  <mattext texttype="text/html">&lt;p&gt;Primary&lt;/p&gt;</mattext>
                </material>
              </response_label>
              <response_label ident="text2qti_choice_a0929215eaf10b1e8972cf379575223efe8b71f64a1252cb30f8ad52e5345d81">
                <material>
                  <mattext texttype="text/html">&lt;p&gt;Binary&lt;/p&gt;</mattext>
                </material>
              </response_label>
            </render_choice>
          </response_lid>
        </presentation>
        <resprocessing>
          <outcomes>
            <decvar maxvalue="100" minvalue="0" varname="SCORE" vartype="Decimal"/>
          </outcomes>
          <respcondition continue="No">
            <conditionvar>
              <varequal respident="response1">text2qti_choice_a0929215eaf10b1e8972cf379575223efe8b71f64a1252cb30f8ad52e5345d81</varequal>
            </conditionvar>
            <setvar action="Set" varname="SCORE">100</setvar>
          </respcondition>
        </resprocessing>
      </item>
      <item ident="text2qti_question_525e8e4d69b5f1bf810bc4897741dafe8b9657d897659422ee6153517e265842" title="Question">
        <itemmetadata>
          <qtimetadata>
            <qtimetadatafield>
              <fieldlabel>question_type</fieldlabel>
              <fieldentry>multiple_choice_question</fieldentry>
            </qtimetadatafield>
            <qtimetadatafield>
              <fieldlabel>points_possible</fieldlabel>
              <fieldentry>1</fieldentry>
            </qtimetadatafield>
            <qtimetadatafield>
              <fieldlabel>original_answer_ids</fieldlabel>
              <fieldentry>text2qti_choice_276906a910dbbbeee85577341e9e17e7fe0cdc59231b7e6b65e3277c7b5c7048,text2qti_choice_b79b3bb5bb9568d85b7fbd1bf30631e848e7d041f1523f7b76165e273dedad9c,text2qti_choice_ba4bc505059c11dc4951d4d10081c3f1a427ad2a9b4ef6e564d1173eb6a4f25d,text2qti_choice_d87c00daf0290da33bb2fa559af26f1e9a3e8ade465c95936a6938a3b294f147</fieldentry>
            </qtimetadatafield>
            <qtimetadatafield>
              <fieldlabel>assessment_question_identifierref</fieldlabel>
              <fieldentry>text2qti_question_ref_525e8e4d69b5f1bf810bc4897741dafe8b9657d897659422ee6153517e265842</fieldentry>
            </qtimetadatafield>
          </qtimetadata>
        </itemmetadata>
        <presentation>
          <material>
            <mattext texttype="text/html">&lt;p&gt;What is the function of a linking table?&lt;/p&gt;</mattext>
          </material>
          <response_lid ident="response1" rcardinality="Single">
            <render_choice>
              <response_label ident="text2qti_choice_276906a910dbbbeee85577341e9e17e7fe0cdc59231b7e6b65e3277c7b5c7048">
                <material>
                  <mattext texttype="text/html">&lt;p&gt;To link weak entities to their strong entities&lt;/p&gt;</mattext>
                </material>
              </response_label>
              <response_label ident="text2qti_choice_b79b3bb5bb9568d85b7fbd1bf30631e848e7d041f1523f7b76165e273dedad9c">
                <material>
                  <mattext texttype="text/html">&lt;p&gt;To resolve a many-to-many relationship&lt;/p&gt;</mattext>
                </material>
              </response_label>
              <response_label ident="text2qti_choice_ba4bc505059c11dc4951d4d10081c3f1a427ad2a9b4ef6e564d1173eb6a4f25d">
                <material>
                  <mattext texttype="text/html">&lt;p&gt;To store attributes&lt;/p&gt;</mattext>
                </material>
              </response_label>
              <response_label ident="text2qti_choice_d87c00daf0290da33bb2fa559af26f1e9a3e8ade465c95936a6938a3b294f147">
                <material>
                  <mattext texttype="text/html">&lt;p&gt;To enforce constraints&lt;/p&gt;</mattext>
                </material>
              </response_label>
            </render_choice>
          </response_lid>
        </presentation>
        <resprocessing>
          <outcomes>
            <decvar maxvalue="100" minvalue="0" varname="SCORE" vartype="Decimal"/>
          </outcomes>
          <respcondition continue="No">
            <conditionvar>
              <varequal respident="response1">text2qti_choice_b79b3bb5bb9568d85b7fbd1bf30631e848e7d041f1523f7b76165e273dedad9c</varequal>
            </conditionvar>
            <setvar action="Set" varname="SCORE">100</setvar>
          </respcondition>
        </resprocessing>
      </item>
      <item ident="text2qti_question_ef570d7a4e9332b0c777ce10c5f9157b93a86818c0d4b32e60feb7083ba7e7c2" title="Question">
        <itemmetadata>
          <qtimetadata>
            <qtimetadatafield>
              <fieldlabel>question_type</fieldlabel>
              <fieldentry>multiple_choice_question</fieldentry>
            </qtimetadatafield>
            <qtimetadatafield>
              <fieldlabel>points_possible</fieldlabel>
              <fieldentry>1</fieldentry>
            </qtimetadatafield>
            <qtimetadatafield>
              <fieldlabel>original_answer_ids</fieldlabel>
              <fieldentry>text2qti_choice_4b4fbff9eee3c26ae1abab1bb0676e8705c087a43a940f2d963844b707f7497b,text2qti_choice_76756288db4d6cf38384423a58f8ec5638592db714a6495fc9a914676b06bea8,text2qti_choice_8e85cbf55b02f606fd9daed33f4ea9e98d260fe6642dc2823f4a6a7bc8eb2b34,text2qti_choice_b832e60cd86ede69605d7e87b96fcee72c73b1f36eed4852c048d5b3c31ff9f1</fieldentry>
            </qtimetadatafield>
            <qtimetadatafield>
              <fieldlabel>assessment_question_identifierref</fieldlabel>
              <fieldentry>text2qti_question_ref_ef570d7a4e9332b0c777ce10c5f9157b93a86818c0d4b32e60feb7083ba7e7c2</fieldentry>
            </qtimetadatafield>
          </qtimetadata>
        </itemmetadata>
        <presentation>
          <material>
            <mattext texttype="text/html">&lt;p&gt;What is a derived attribute?&lt;/p&gt;</mattext>
          </material>
          <response_lid ident="response1" rcardinality="Single">
            <render_choice>
              <response_label ident="text2qti_choice_4b4fbff9eee3c26ae1abab1bb0676e8705c087a43a940f2d963844b707f7497b">
                <material>
                  <mattext texttype="text/html">&lt;p&gt;An attribute that is optional&lt;/p&gt;</mattext>
                </material>
              </response_label>
              <response_label ident="text2qti_choice_76756288db4d6cf38384423a58f8ec5638592db714a6495fc9a914676b06bea8">
                <material>
                  <mattext texttype="text/html">&lt;p&gt;An attribute whose value can be computed from other attributes&lt;/p&gt;</mattext>
                </material>
              </response_label>
              <response_label ident="text2qti_choice_8e85cbf55b02f606fd9daed33f4ea9e98d260fe6642dc2823f4a6a7bc8eb2b34">
                <material>
                  <mattext texttype="text/html">&lt;p&gt;An attribute that forms a primary key&lt;/p&gt;</mattext>
                </material>
              </response_label>
              <response_label ident="text2qti_choice_b832e60cd86ede69605d7e87b96fcee72c73b1f36eed4852c048d5b3c31ff9f1">
                <material>
                  <mattext texttype="text/html">&lt;p&gt;An attribute that can have multiple values&lt;/p&gt;</mattext>
                </material>
              </response_label>
            </render_choice>
          </response_lid>
        </presentation>
        <resprocessing>
          <outcomes>
            <decvar maxvalue="100" minvalue="0" varname="SCORE" vartype="Decimal"/>
          </outcomes>
          <respcondition continue="No">
            <conditionvar>
              <varequal respident="response1">text2qti_choice_76756288db4d6cf38384423a58f8ec5638592db714a6495fc9a914676b06bea8</varequal>
            </conditionvar>
            <setvar action="Set" varname="SCORE">100</setvar>
          </respcondition>
        </resprocessing>
      </item>
      <item ident="text2qti_question_fb0a61f1c5294caa0f628c6715665cf0256299f878f13150601fc178dc398611" title="Question">
        <itemmetadata>
          <qtimetadata>
            <qtimetadatafield>
              <fieldlabel>question_type</fieldlabel>
              <fieldentry>multiple_choice_question</fieldentry>
            </qtimetadatafield>
            <qtimetadatafield>
              <fieldlabel>points_possible</fieldlabel>
              <fieldentry>1</fieldentry>
            </qtimetadatafield>
            <qtimetadatafield>
              <fieldlabel>original_answer_ids</fieldlabel>
              <fieldentry>text2qti_choice_3711457ee74634e5da0972eb3c73abd9b79b95df3437a4bf016110b8b1972d1a,text2qti_choice_ae150334893a6cd92c87b0263fe42ba44d382a1802cd460e227b378171d4eacf,text2qti_choice_e306c8ecd5c7a2e80635aeecd64188a99429ff61c42011e450ae80e47ff871dc,text2qti_choice_15be8b2a214db4331179c76f04d32182ff4df3bcc8d4ca986f847c8740689eb6</fieldentry>
            </qtimetadatafield>
            <qtimetadatafield>
              <fieldlabel>assessment_question_identifierref</fieldlabel>
              <fieldentry>text2qti_question_ref_fb0a61f1c5294caa0f628c6715665cf0256299f878f13150601fc178dc398611</fieldentry>
            </qtimetadatafield>
          </qtimetadata>
        </itemmetadata>
        <presentation>
          <material>
            <mattext texttype="text/html">&lt;p&gt;What does an ERD stand for?&lt;/p&gt;</mattext>
          </material>
          <response_lid ident="response1" rcardinality="Single">
            <render_choice>
              <response_label ident="text2qti_choice_3711457ee74634e5da0972eb3c73abd9b79b95df3437a4bf016110b8b1972d1a">
                <material>
                  <mattext texttype="text/html">&lt;p&gt;Entity Relationship Database&lt;/p&gt;</mattext>
                </material>
              </response_label>
              <response_label ident="text2qti_choice_ae150334893a6cd92c87b0263fe42ba44d382a1802cd460e227b378171d4eacf">
                <material>
                  <mattext texttype="text/html">&lt;p&gt;Entity Relationship Diagram&lt;/p&gt;</mattext>
                </material>
              </response_label>
              <response_label ident="text2qti_choice_e306c8ecd5c7a2e80635aeecd64188a99429ff61c42011e450ae80e47ff871dc">
                <material>
                  <mattext texttype="text/html">&lt;p&gt;Entity Relational Design&lt;/p&gt;</mattext>
                </material>
              </response_label>
              <response_label ident="text2qti_choice_15be8b2a214db4331179c76f04d32182ff4df3bcc8d4ca986f847c8740689eb6">
                <material>
                  <mattext texttype="text/html">&lt;p&gt;Entity Relationship Data&lt;/p&gt;</mattext>
                </material>
              </response_label>
            </render_choice>
          </response_lid>
        </presentation>
        <resprocessing>
          <outcomes>
            <decvar maxvalue="100" minvalue="0" varname="SCORE" vartype="Decimal"/>
          </outcomes>
          <respcondition continue="No">
            <conditionvar>
              <varequal respident="response1">text2qti_choice_ae150334893a6cd92c87b0263fe42ba44d382a1802cd460e227b378171d4eacf</varequal>
            </conditionvar>
            <setvar action="Set" varname="SCORE">100</setvar>
          </respcondition>
        </resprocessing>
      </item>
      <item ident="text2qti_question_faf4c203f3b984bc83a3e1bd79b05f0ff653d2aa547070c240fa2d78471305c8" title="Question">
        <itemmetadata>
          <qtimetadata>
            <qtimetadatafield>
              <fieldlabel>question_type</fieldlabel>
              <fieldentry>multiple_choice_question</fieldentry>
            </qtimetadatafield>
            <qtimetadatafield>
              <fieldlabel>points_possible</fieldlabel>
              <fieldentry>1</fieldentry>
            </qtimetadatafield>
            <qtimetadatafield>
              <fieldlabel>original_answer_ids</fieldlabel>
              <fieldentry>text2qti_choice_92365200180ea892c64c437eb7453dce054cc858915c99a63dd7246660321d99,text2qti_choice_2d0a7c21e5b20dca9e248b823b3951925f0efa4738746bfbc85164e3a88391e8,text2qti_choice_38aa62194d97ede28db0087e4b6ef1593d1cd242c93d30fb542c9bfe8d42c82d,text2qti_choice_4bf6253f6ca573043f87964dda1ae85e12f662484a2b6ceaf4c93b913c20a3da</fieldentry>
            </qtimetadatafield>
            <qtimetadatafield>
              <fieldlabel>assessment_question_identifierref</fieldlabel>
              <fieldentry>text2qti_question_ref_faf4c203f3b984bc83a3e1bd79b05f0ff653d2aa547070c240fa2d78471305c8</fieldentry>
            </qtimetadatafield>
          </qtimetadata>
        </itemmetadata>
        <presentation>
          <material>
            <mattext texttype="text/html">&lt;p&gt;What is the purpose of a participation constraint in an ER diagram?&lt;/p&gt;</mattext>
          </material>
          <response_lid ident="response1" rcardinality="Single">
            <render_choice>
              <response_label ident="text2qti_choice_92365200180ea892c64c437eb7453dce054cc858915c99a63dd7246660321d99">
                <material>
                  <mattext texttype="text/html">&lt;p&gt;To specify which attributes participate in forming the primary key&lt;/p&gt;</mattext>
                </material>
              </response_label>
              <response_label ident="text2qti_choice_2d0a7c21e5b20dca9e248b823b3951925f0efa4738746bfbc85164e3a88391e8">
                <material>
                  <mattext texttype="text/html">&lt;p&gt;To specify whether the existence of an entity depends on it being related to another entity&lt;/p&gt;</mattext>
                </material>
              </response_label>
              <response_label ident="text2qti_choice_38aa62194d97ede28db0087e4b6ef1593d1cd242c93d30fb542c9bfe8d42c82d">
                <material>
                  <mattext texttype="text/html">&lt;p&gt;To specify the number of entities in a relationship&lt;/p&gt;</mattext>
                </material>
              </response_label>
              <response_label ident="text2qti_choice_4bf6253f6ca573043f87964dda1ae85e12f662484a2b6ceaf4c93b913c20a3da">
                <material>
                  <mattext texttype="text/html">&lt;p&gt;To specify whether an attribute is derived or composite&lt;/p&gt;</mattext>
                </material>
              </response_label>
            </render_choice>
          </response_lid>
        </presentation>
        <resprocessing>
          <outcomes>
            <decvar maxvalue="100" minvalue="0" varname="SCORE" vartype="Decimal"/>
          </outcomes>
          <respcondition continue="No">
            <conditionvar>
              <varequal respident="response1">text2qti_choice_2d0a7c21e5b20dca9e248b823b3951925f0efa4738746bfbc85164e3a88391e8</varequal>
            </conditionvar>
            <setvar action="Set" varname="SCORE">100</setvar>
          </respcondition>
        </resprocessing>
      </item>
      <item ident="text2qti_question_0bc024b20cac13a49c96bd249c7e1b57cd395ffa1023b69699d572a1ec07434f" title="Question">
        <itemmetadata>
          <qtimetadata>
            <qtimetadatafield>
              <fieldlabel>question_type</fieldlabel>
              <fieldentry>multiple_choice_question</fieldentry>
            </qtimetadatafield>
            <qtimetadatafield>
              <fieldlabel>points_possible</fieldlabel>
              <fieldentry>1</fieldentry>
            </qtimetadatafield>
            <qtimetadatafield>
              <fieldlabel>original_answer_ids</fieldlabel>
              <fieldentry>text2qti_choice_7f4ba05d524df85da4bfae871ff28d34260b6ea6ce64bbef919ec1548de35ef3,text2qti_choice_f4156444dad393b423a9e62d8f33a670c1f0d2968ead62bef85c6796dcf753e4,text2qti_choice_8a867b8144e9226a6da7d4056c8e90a7da725c7476b7d6b032d48fc7e67f1536,text2qti_choice_4f58562b4816bfca0c893bfe3f0b5f4b85e9fc88f966a89f07beb90d71cbb991</fieldentry>
            </qtimetadatafield>
            <qtimetadatafield>
              <fieldlabel>assessment_question_identifierref</fieldlabel>
              <fieldentry>text2qti_question_ref_0bc024b20cac13a49c96bd249c7e1b57cd395ffa1023b69699d572a1ec07434f</fieldentry>
            </qtimetadatafield>
          </qtimetadata>
        </itemmetadata>
        <presentation>
          <material>
            <mattext texttype="text/html">&lt;p&gt;What are connecting lines used for in an ER diagram?&lt;/p&gt;</mattext>
          </material>
          <response_lid ident="response1" rcardinality="Single">
            <render_choice>
              <response_label ident="text2qti_choice_7f4ba05d524df85da4bfae871ff28d34260b6ea6ce64bbef919ec1548de35ef3">
                <material>
                  <mattext texttype="text/html">&lt;p&gt;To illustrate constraints&lt;/p&gt;</mattext>
                </material>
              </response_label>
              <response_label ident="text2qti_choice_f4156444dad393b423a9e62d8f33a670c1f0d2968ead62bef85c6796dcf753e4">
                <material>
                  <mattext texttype="text/html">&lt;p&gt;To indicate relationships&lt;/p&gt;</mattext>
                </material>
              </response_label>
              <response_label ident="text2qti_choice_8a867b8144e9226a6da7d4056c8e90a7da725c7476b7d6b032d48fc7e67f1536">
                <material>
                  <mattext texttype="text/html">&lt;p&gt;To separate entities&lt;/p&gt;</mattext>
                </material>
              </response_label>
              <response_label ident="text2qti_choice_4f58562b4816bfca0c893bfe3f0b5f4b85e9fc88f966a89f07beb90d71cbb991">
                <material>
                  <mattext texttype="text/html">&lt;p&gt;To indicate primary keys&lt;/p&gt;</mattext>
                </material>
              </response_label>
            </render_choice>
          </response_lid>
        </presentation>
        <resprocessing>
          <outcomes>
            <decvar maxvalue="100" minvalue="0" varname="SCORE" vartype="Decimal"/>
          </outcomes>
          <respcondition continue="No">
            <conditionvar>
              <varequal respident="response1">text2qti_choice_f4156444dad393b423a9e62d8f33a670c1f0d2968ead62bef85c6796dcf753e4</varequal>
            </conditionvar>
            <setvar action="Set" varname="SCORE">100</setvar>
          </respcondition>
        </resprocessing>
      </item>
      <item ident="text2qti_question_a76f33eb7bd854af8227edc2b524834c58811be5eb138701287d4a50a30cd5d9" title="Question">
        <itemmetadata>
          <qtimetadata>
            <qtimetadatafield>
              <fieldlabel>question_type</fieldlabel>
              <fieldentry>multiple_choice_question</fieldentry>
            </qtimetadatafield>
            <qtimetadatafield>
              <fieldlabel>points_possible</fieldlabel>
              <fieldentry>1</fieldentry>
            </qtimetadatafield>
            <qtimetadatafield>
              <fieldlabel>original_answer_ids</fieldlabel>
              <fieldentry>text2qti_choice_e8b3de2f69d8d47877680db7dfa789c522e4a509fecc01dab2f5e3b3977d922a,text2qti_choice_1356208356201e723f1e4980cc3b6d2a4345508c2071a5cc786d777a024a1db9,text2qti_choice_398395200b3917bbcb77d1e1b07d1215d7edc96215fc3faf9afafb8360066b8d,text2qti_choice_b695231934a2568c27e8cb54a106392401041dae159c4560d0552b7311018328</fieldentry>
            </qtimetadatafield>
            <qtimetadatafield>
              <fieldlabel>assessment_question_identifierref</fieldlabel>
              <fieldentry>text2qti_question_ref_a76f33eb7bd854af8227edc2b524834c58811be5eb138701287d4a50a30cd5d9</fieldentry>
            </qtimetadatafield>
          </qtimetadata>
        </itemmetadata>
        <presentation>
          <material>
            <mattext texttype="text/html">&lt;p&gt;What is an attribute’s domain?&lt;/p&gt;</mattext>
          </material>
          <response_lid ident="response1" rcardinality="Single">
            <render_choice>
              <response_label ident="text2qti_choice_e8b3de2f69d8d47877680db7dfa789c522e4a509fecc01dab2f5e3b3977d922a">
                <material>
                  <mattext texttype="text/html">&lt;p&gt;The set of tables in which it appears&lt;/p&gt;</mattext>
                </material>
              </response_label>
              <response_label ident="text2qti_choice_1356208356201e723f1e4980cc3b6d2a4345508c2071a5cc786d777a024a1db9">
                <material>
                  <mattext texttype="text/html">&lt;p&gt;The set of entities it relates to&lt;/p&gt;</mattext>
                </material>
              </response_label>
              <response_label ident="text2qti_choice_398395200b3917bbcb77d1e1b07d1215d7edc96215fc3faf9afafb8360066b8d">
                <material>
                  <mattext texttype="text/html">&lt;p&gt;The set of permitted values it can take&lt;/p&gt;</mattext>
                </material>
              </response_label>
              <response_label ident="text2qti_choice_b695231934a2568c27e8cb54a106392401041dae159c4560d0552b7311018328">
                <material>
                  <mattext texttype="text/html">&lt;p&gt;The set of operations it can undergo&lt;/p&gt;</mattext>
                </material>
              </response_label>
            </render_choice>
          </response_lid>
        </presentation>
        <resprocessing>
          <outcomes>
            <decvar maxvalue="100" minvalue="0" varname="SCORE" vartype="Decimal"/>
          </outcomes>
          <respcondition continue="No">
            <conditionvar>
              <varequal respident="response1">text2qti_choice_398395200b3917bbcb77d1e1b07d1215d7edc96215fc3faf9afafb8360066b8d</varequal>
            </conditionvar>
            <setvar action="Set" varname="SCORE">100</setvar>
          </respcondition>
        </resprocessing>
      </item>
      <item ident="text2qti_question_acfa415a0e8cb900263c04515ddf9b6eadb1e88fe6f3abe627cac068029df999" title="Question">
        <itemmetadata>
          <qtimetadata>
            <qtimetadatafield>
              <fieldlabel>question_type</fieldlabel>
              <fieldentry>multiple_choice_question</fieldentry>
            </qtimetadatafield>
            <qtimetadatafield>
              <fieldlabel>points_possible</fieldlabel>
              <fieldentry>1</fieldentry>
            </qtimetadatafield>
            <qtimetadatafield>
              <fieldlabel>original_answer_ids</fieldlabel>
              <fieldentry>text2qti_choice_fc710cf5a9aa6a95b0c97d2500404b2c1dc4535e6815f2c31cfabc399d078d9e,text2qti_choice_1e8885a2c9d88c17152003270e82c4832a0d74ee39ccdadba01bf69936dfda21,text2qti_choice_17720b55d77e0627f0c08259781905cc787e48160c618f2b394e0a155110cfc1,text2qti_choice_fea7a5be905fda92685ade639243701ff79353a5493ffb9be1a749d01ab27045</fieldentry>
            </qtimetadatafield>
            <qtimetadatafield>
              <fieldlabel>assessment_question_identifierref</fieldlabel>
              <fieldentry>text2qti_question_ref_acfa415a0e8cb900263c04515ddf9b6eadb1e88fe6f3abe627cac068029df999</fieldentry>
            </qtimetadatafield>
          </qtimetadata>
        </itemmetadata>
        <presentation>
          <material>
            <mattext texttype="text/html">&lt;p&gt;What do attributes connected with a dashed line signify?&lt;/p&gt;</mattext>
          </material>
          <response_lid ident="response1" rcardinality="Single">
            <render_choice>
              <response_label ident="text2qti_choice_fc710cf5a9aa6a95b0c97d2500404b2c1dc4535e6815f2c31cfabc399d078d9e">
                <material>
                  <mattext texttype="text/html">&lt;p&gt;Composite attributes&lt;/p&gt;</mattext>
                </material>
              </response_label>
              <response_label ident="text2qti_choice_1e8885a2c9d88c17152003270e82c4832a0d74ee39ccdadba01bf69936dfda21">
                <material>
                  <mattext texttype="text/html">&lt;p&gt;Derived attributes&lt;/p&gt;</mattext>
                </material>
              </response_label>
              <response_label ident="text2qti_choice_17720b55d77e0627f0c08259781905cc787e48160c618f2b394e0a155110cfc1">
                <material>
                  <mattext texttype="text/html">&lt;p&gt;Multivalued attributes&lt;/p&gt;</mattext>
                </material>
              </response_label>
              <response_label ident="text2qti_choice_fea7a5be905fda92685ade639243701ff79353a5493ffb9be1a749d01ab27045">
                <material>
                  <mattext texttype="text/html">&lt;p&gt;Optional attributes&lt;/p&gt;</mattext>
                </material>
              </response_label>
            </render_choice>
          </response_lid>
        </presentation>
        <resprocessing>
          <outcomes>
            <decvar maxvalue="100" minvalue="0" varname="SCORE" vartype="Decimal"/>
          </outcomes>
          <respcondition continue="No">
            <conditionvar>
              <varequal respident="response1">text2qti_choice_fea7a5be905fda92685ade639243701ff79353a5493ffb9be1a749d01ab27045</varequal>
            </conditionvar>
            <setvar action="Set" varname="SCORE">100</setvar>
          </respcondition>
        </resprocessing>
      </item>
      <item ident="text2qti_question_063ba8f5ef119919111bc99682188239cec2e9baef9dda5e975e8d11211aed7a" title="Question">
        <itemmetadata>
          <qtimetadata>
            <qtimetadatafield>
              <fieldlabel>question_type</fieldlabel>
              <fieldentry>multiple_choice_question</fieldentry>
            </qtimetadatafield>
            <qtimetadatafield>
              <fieldlabel>points_possible</fieldlabel>
              <fieldentry>1</fieldentry>
            </qtimetadatafield>
            <qtimetadatafield>
              <fieldlabel>original_answer_ids</fieldlabel>
              <fieldentry>text2qti_choice_e0a250f06e7c2c3b780cb89d3103a630a1a7ce8ec9302f0d8dbfa80348817534,text2qti_choice_2a200b3d01821af8672c30fddffb0b2149bcde33d5ff446ca67a22138a02d746,text2qti_choice_5cac10611c095518310d5b2b54fa1b560f629f0f30cb9a87b410cbb387c9cb62,text2qti_choice_d50c7db4af9a31333ee1506cbdaae86bfb1939c708287bb178aed3a29f2e8ca0</fieldentry>
            </qtimetadatafield>
            <qtimetadatafield>
              <fieldlabel>assessment_question_identifierref</fieldlabel>
              <fieldentry>text2qti_question_ref_063ba8f5ef119919111bc99682188239cec2e9baef9dda5e975e8d11211aed7a</fieldentry>
            </qtimetadatafield>
          </qtimetadata>
        </itemmetadata>
        <presentation>
          <material>
            <mattext texttype="text/html">&lt;p&gt;What is an identifying relationship in ER modeling?&lt;/p&gt;</mattext>
          </material>
          <response_lid ident="response1" rcardinality="Single">
            <render_choice>
              <response_label ident="text2qti_choice_e0a250f06e7c2c3b780cb89d3103a630a1a7ce8ec9302f0d8dbfa80348817534">
                <material>
                  <mattext texttype="text/html">&lt;p&gt;A relationship that uniquely identifies an entity&lt;/p&gt;</mattext>
                </material>
              </response_label>
              <response_label ident="text2qti_choice_2a200b3d01821af8672c30fddffb0b2149bcde33d5ff446ca67a22138a02d746">
                <material>
                  <mattext texttype="text/html">&lt;p&gt;A relationship that connects an entity to its attributes&lt;/p&gt;</mattext>
                </material>
              </response_label>
              <response_label ident="text2qti_choice_5cac10611c095518310d5b2b54fa1b560f629f0f30cb9a87b410cbb387c9cb62">
                <material>
                  <mattext texttype="text/html">&lt;p&gt;A relationship that identifies a weak entity&lt;/p&gt;</mattext>
                </material>
              </response_label>
              <response_label ident="text2qti_choice_d50c7db4af9a31333ee1506cbdaae86bfb1939c708287bb178aed3a29f2e8ca0">
                <material>
                  <mattext texttype="text/html">&lt;p&gt;A relationship that defines a primary key&lt;/p&gt;</mattext>
                </material>
              </response_label>
            </render_choice>
          </response_lid>
        </presentation>
        <resprocessing>
          <outcomes>
            <decvar maxvalue="100" minvalue="0" varname="SCORE" vartype="Decimal"/>
          </outcomes>
          <respcondition continue="No">
            <conditionvar>
              <varequal respident="response1">text2qti_choice_5cac10611c095518310d5b2b54fa1b560f629f0f30cb9a87b410cbb387c9cb62</varequal>
            </conditionvar>
            <setvar action="Set" varname="SCORE">100</setvar>
          </respcondition>
        </resprocessing>
      </item>
      <item ident="text2qti_question_c1b9811e6e528084134699a40d716c5fcf68e3d4718986dd998ce812255209ef" title="Question">
        <itemmetadata>
          <qtimetadata>
            <qtimetadatafield>
              <fieldlabel>question_type</fieldlabel>
              <fieldentry>multiple_choice_question</fieldentry>
            </qtimetadatafield>
            <qtimetadatafield>
              <fieldlabel>points_possible</fieldlabel>
              <fieldentry>1</fieldentry>
            </qtimetadatafield>
            <qtimetadatafield>
              <fieldlabel>original_answer_ids</fieldlabel>
              <fieldentry>text2qti_choice_f1e0814bc032a4ae74f442d992a26bf254951e4ad9065759adc3b4364f48f4a8,text2qti_choice_446142bdf15d35beea08dfd57e58ffef7f4a6d73d1b9e3e182f72b4b965ef0fd,text2qti_choice_0711d00e3e566dd9df0e84457821264f21d4f03a5da30a027211afa373a51332,text2qti_choice_38dd8f7f4ea0a48686a4b4bd7d3f853ceaa2d1608459c8d2813f8a326772750f</fieldentry>
            </qtimetadatafield>
            <qtimetadatafield>
              <fieldlabel>assessment_question_identifierref</fieldlabel>
              <fieldentry>text2qti_question_ref_c1b9811e6e528084134699a40d716c5fcf68e3d4718986dd998ce812255209ef</fieldentry>
            </qtimetadatafield>
          </qtimetadata>
        </itemmetadata>
        <presentation>
          <material>
            <mattext texttype="text/html">&lt;p&gt;What do crow’s feet notations indicate in an ER diagram?&lt;/p&gt;</mattext>
          </material>
          <response_lid ident="response1" rcardinality="Single">
            <render_choice>
              <response_label ident="text2qti_choice_f1e0814bc032a4ae74f442d992a26bf254951e4ad9065759adc3b4364f48f4a8">
                <material>
                  <mattext texttype="text/html">&lt;p&gt;One-to-one relationship&lt;/p&gt;</mattext>
                </material>
              </response_label>
              <response_label ident="text2qti_choice_446142bdf15d35beea08dfd57e58ffef7f4a6d73d1b9e3e182f72b4b965ef0fd">
                <material>
                  <mattext texttype="text/html">&lt;p&gt;Many-to-many relationship&lt;/p&gt;</mattext>
                </material>
              </response_label>
              <response_label ident="text2qti_choice_0711d00e3e566dd9df0e84457821264f21d4f03a5da30a027211afa373a51332">
                <material>
                  <mattext texttype="text/html">&lt;p&gt;One-to-many relationship&lt;/p&gt;</mattext>
                </material>
              </response_label>
              <response_label ident="text2qti_choice_38dd8f7f4ea0a48686a4b4bd7d3f853ceaa2d1608459c8d2813f8a326772750f">
                <material>
                  <mattext texttype="text/html">&lt;p&gt;Zero-or-one relationship&lt;/p&gt;</mattext>
                </material>
              </response_label>
            </render_choice>
          </response_lid>
        </presentation>
        <resprocessing>
          <outcomes>
            <decvar maxvalue="100" minvalue="0" varname="SCORE" vartype="Decimal"/>
          </outcomes>
          <respcondition continue="No">
            <conditionvar>
              <varequal respident="response1">text2qti_choice_0711d00e3e566dd9df0e84457821264f21d4f03a5da30a027211afa373a51332</varequal>
            </conditionvar>
            <setvar action="Set" varname="SCORE">100</setvar>
          </respcondition>
        </resprocessing>
      </item>
      <item ident="text2qti_question_1afe304992dfd66fc6bba1492f00dc933df8b005cf5e5ce93604343d3b46fd38" title="Question">
        <itemmetadata>
          <qtimetadata>
            <qtimetadatafield>
              <fieldlabel>question_type</fieldlabel>
              <fieldentry>multiple_choice_question</fieldentry>
            </qtimetadatafield>
            <qtimetadatafield>
              <fieldlabel>points_possible</fieldlabel>
              <fieldentry>1</fieldentry>
            </qtimetadatafield>
            <qtimetadatafield>
              <fieldlabel>original_answer_ids</fieldlabel>
              <fieldentry>text2qti_choice_a9821bec36c670eab237fe10acef273b23773d1b6b1120763cee8c01c0c56372,text2qti_choice_85d1c84362eef794c43550fbf2cff36ec9020796f5c10a3f7bb8a10b1f21585e,text2qti_choice_7df4ecf947740b339b3c992903e1ac19dfb1505ff009190b90aaaa3b96fa7a37,text2qti_choice_48af388af06097092a9a0793a451030663049d264b7d14b905741dcbf18ab7f2</fieldentry>
            </qtimetadatafield>
            <qtimetadatafield>
              <fieldlabel>assessment_question_identifierref</fieldlabel>
              <fieldentry>text2qti_question_ref_1afe304992dfd66fc6bba1492f00dc933df8b005cf5e5ce93604343d3b46fd38</fieldentry>
            </qtimetadatafield>
          </qtimetadata>
        </itemmetadata>
        <presentation>
          <material>
            <mattext texttype="text/html">&lt;p&gt;In ER diagrams, what do rectangles usually represent?&lt;/p&gt;</mattext>
          </material>
          <response_lid ident="response1" rcardinality="Single">
            <render_choice>
              <response_label ident="text2qti_choice_a9821bec36c670eab237fe10acef273b23773d1b6b1120763cee8c01c0c56372">
                <material>
                  <mattext texttype="text/html">&lt;p&gt;Relationships&lt;/p&gt;</mattext>
                </material>
              </response_label>
              <response_label ident="text2qti_choice_85d1c84362eef794c43550fbf2cff36ec9020796f5c10a3f7bb8a10b1f21585e">
                <material>
                  <mattext texttype="text/html">&lt;p&gt;Attributes&lt;/p&gt;</mattext>
                </material>
              </response_label>
              <response_label ident="text2qti_choice_7df4ecf947740b339b3c992903e1ac19dfb1505ff009190b90aaaa3b96fa7a37">
                <material>
                  <mattext texttype="text/html">&lt;p&gt;Constraints&lt;/p&gt;</mattext>
                </material>
              </response_label>
              <response_label ident="text2qti_choice_48af388af06097092a9a0793a451030663049d264b7d14b905741dcbf18ab7f2">
                <material>
                  <mattext texttype="text/html">&lt;p&gt;Entities&lt;/p&gt;</mattext>
                </material>
              </response_label>
            </render_choice>
          </response_lid>
        </presentation>
        <resprocessing>
          <outcomes>
            <decvar maxvalue="100" minvalue="0" varname="SCORE" vartype="Decimal"/>
          </outcomes>
          <respcondition continue="No">
            <conditionvar>
              <varequal respident="response1">text2qti_choice_48af388af06097092a9a0793a451030663049d264b7d14b905741dcbf18ab7f2</varequal>
            </conditionvar>
            <setvar action="Set" varname="SCORE">100</setvar>
          </respcondition>
        </resprocessing>
      </item>
    </section>
  </assessment>
</questestinterop>
