<?xml version="1.0" encoding="UTF-8"?>
<questestinterop xmlns="http://www.imsglobal.org/xsd/ims_qtiasiv1p2" xmlns:xsi="http://www.w3.org/2001/XMLSchema-instance" xsi:schemaLocation="http://www.imsglobal.org/xsd/ims_qtiasiv1p2 http://www.imsglobal.org/xsd/ims_qtiasiv1p2p1.xsd">
  <assessment ident="text2qti_assessment_3bd2b33cdea6550c29addd4141a518ae262bfe0871419c2de4b912db053260b1" title="Quiz1 - Bank - ER Models - Blooms 3 (Apply)">
    <qtimetadata>
      <qtimetadatafield>
        <fieldlabel>cc_maxattempts</fieldlabel>
        <fieldentry>1</fieldentry>
      </qtimetadatafield>
    </qtimetadata>
    <section ident="root_section">
      <item ident="text2qti_question_504b29d5c1e576ee632e4a0f52e231380cabce9542f0166e944bcc0c983b9748" title="Question">
        <itemmetadata>
          <qtimetadata>
            <qtimetadatafield>
              <fieldlabel>question_type</fieldlabel>
              <fieldentry>multiple_choice_question</fieldentry>
            </qtimetadatafield>
            <qtimetadatafield>
              <fieldlabel>points_possible</fieldlabel>
              <fieldentry>1</fieldentry>
            </qtimetadatafield>
            <qtimetadatafield>
              <fieldlabel>original_answer_ids</fieldlabel>
              <fieldentry>text2qti_choice_a686e7865fbeef56c2b2c67fcd26d4881bc928efca10801a3da760318c833490,text2qti_choice_50f69b0659f370ebf6088a30aef97df03a5e42d511b9f13d2224058731c36e22,text2qti_choice_8b91c3615378915860a6890fa7699aac52260283e0d7f842bb2e0f34446fd65c,text2qti_choice_c0c2d0ca7642f0f20e407dee594141e4650305d2d562558b3e75c7493b9cb9f1</fieldentry>
            </qtimetadatafield>
            <qtimetadatafield>
              <fieldlabel>assessment_question_identifierref</fieldlabel>
              <fieldentry>text2qti_question_ref_504b29d5c1e576ee632e4a0f52e231380cabce9542f0166e944bcc0c983b9748</fieldentry>
            </qtimetadatafield>
          </qtimetadata>
        </itemmetadata>
        <presentation>
          <material>
            <mattext texttype="text/html">&lt;p&gt;If you have two entities &amp;ldquo;Book&amp;rdquo; and &amp;ldquo;Author&amp;rdquo;, and each book can be written by multiple authors, what type of relationship exists between these entities?&lt;/p&gt;</mattext>
          </material>
          <response_lid ident="response1" rcardinality="Single">
            <render_choice>
              <response_label ident="text2qti_choice_a686e7865fbeef56c2b2c67fcd26d4881bc928efca10801a3da760318c833490">
                <material>
                  <mattext texttype="text/html">&lt;p&gt;One-to-one&lt;/p&gt;</mattext>
                </material>
              </response_label>
              <response_label ident="text2qti_choice_50f69b0659f370ebf6088a30aef97df03a5e42d511b9f13d2224058731c36e22">
                <material>
                  <mattext texttype="text/html">&lt;p&gt;One-to-many&lt;/p&gt;</mattext>
                </material>
              </response_label>
              <response_label ident="text2qti_choice_8b91c3615378915860a6890fa7699aac52260283e0d7f842bb2e0f34446fd65c">
                <material>
                  <mattext texttype="text/html">&lt;p&gt;Many-to-one&lt;/p&gt;</mattext>
                </material>
              </response_label>
              <response_label ident="text2qti_choice_c0c2d0ca7642f0f20e407dee594141e4650305d2d562558b3e75c7493b9cb9f1">
                <material>
                  <mattext texttype="text/html">&lt;p&gt;Many-to-many&lt;/p&gt;</mattext>
                </material>
              </response_label>
            </render_choice>
          </response_lid>
        </presentation>
        <resprocessing>
          <outcomes>
            <decvar maxvalue="100" minvalue="0" varname="SCORE" vartype="Decimal"/>
          </outcomes>
          <respcondition continue="No">
            <conditionvar>
              <varequal respident="response1">text2qti_choice_c0c2d0ca7642f0f20e407dee594141e4650305d2d562558b3e75c7493b9cb9f1</varequal>
            </conditionvar>
            <setvar action="Set" varname="SCORE">100</setvar>
          </respcondition>
        </resprocessing>
      </item>
      <item ident="text2qti_question_f73cb90f850745cb6da2d81d1f3d7d5b7ef2ba3b0949035d64aaba2873ee4442" title="Question">
        <itemmetadata>
          <qtimetadata>
            <qtimetadatafield>
              <fieldlabel>question_type</fieldlabel>
              <fieldentry>multiple_choice_question</fieldentry>
            </qtimetadatafield>
            <qtimetadatafield>
              <fieldlabel>points_possible</fieldlabel>
              <fieldentry>1</fieldentry>
            </qtimetadatafield>
            <qtimetadatafield>
              <fieldlabel>original_answer_ids</fieldlabel>
              <fieldentry>text2qti_choice_07964dd6ce02009119e05ead347dfacac6937df3000efbf1092acb1e3af3f411,text2qti_choice_2a4a10654c8d31bee28078681d893dc53fc96a93a540d38b021cf02b27bc25b8,text2qti_choice_680a1b34637420b67f1eb1ff7ce7eadb5c00ab0479b1eea135082cfa008407da,text2qti_choice_6d96e36587b3678422f3cca4d9d778d0af6864fbfa8ba5a6ddcac4be9fa46837</fieldentry>
            </qtimetadatafield>
            <qtimetadatafield>
              <fieldlabel>assessment_question_identifierref</fieldlabel>
              <fieldentry>text2qti_question_ref_f73cb90f850745cb6da2d81d1f3d7d5b7ef2ba3b0949035d64aaba2873ee4442</fieldentry>
            </qtimetadatafield>
          </qtimetadata>
        </itemmetadata>
        <presentation>
          <material>
            <mattext texttype="text/html">&lt;p&gt;Given an entity &amp;ldquo;Student&amp;rdquo; with attributes &amp;lsquo;ID&amp;rsquo;, &amp;lsquo;Name&amp;rsquo;, and &amp;lsquo;DOB&amp;rsquo;, which attribute is most likely to be the primary key?&lt;/p&gt;</mattext>
          </material>
          <response_lid ident="response1" rcardinality="Single">
            <render_choice>
              <response_label ident="text2qti_choice_07964dd6ce02009119e05ead347dfacac6937df3000efbf1092acb1e3af3f411">
                <material>
                  <mattext texttype="text/html">&lt;p&gt;ID&lt;/p&gt;</mattext>
                </material>
              </response_label>
              <response_label ident="text2qti_choice_2a4a10654c8d31bee28078681d893dc53fc96a93a540d38b021cf02b27bc25b8">
                <material>
                  <mattext texttype="text/html">&lt;p&gt;Name&lt;/p&gt;</mattext>
                </material>
              </response_label>
              <response_label ident="text2qti_choice_680a1b34637420b67f1eb1ff7ce7eadb5c00ab0479b1eea135082cfa008407da">
                <material>
                  <mattext texttype="text/html">&lt;p&gt;DOB&lt;/p&gt;</mattext>
                </material>
              </response_label>
              <response_label ident="text2qti_choice_6d96e36587b3678422f3cca4d9d778d0af6864fbfa8ba5a6ddcac4be9fa46837">
                <material>
                  <mattext texttype="text/html">&lt;p&gt;None of the above&lt;/p&gt;</mattext>
                </material>
              </response_label>
            </render_choice>
          </response_lid>
        </presentation>
        <resprocessing>
          <outcomes>
            <decvar maxvalue="100" minvalue="0" varname="SCORE" vartype="Decimal"/>
          </outcomes>
          <respcondition continue="No">
            <conditionvar>
              <varequal respident="response1">text2qti_choice_07964dd6ce02009119e05ead347dfacac6937df3000efbf1092acb1e3af3f411</varequal>
            </conditionvar>
            <setvar action="Set" varname="SCORE">100</setvar>
          </respcondition>
        </resprocessing>
      </item>
      <item ident="text2qti_question_372837f52085f5a4bd379a354454bb47219c145a31a4f746b060c2ac6d14b9de" title="Question">
        <itemmetadata>
          <qtimetadata>
            <qtimetadatafield>
              <fieldlabel>question_type</fieldlabel>
              <fieldentry>multiple_choice_question</fieldentry>
            </qtimetadatafield>
            <qtimetadatafield>
              <fieldlabel>points_possible</fieldlabel>
              <fieldentry>1</fieldentry>
            </qtimetadatafield>
            <qtimetadatafield>
              <fieldlabel>original_answer_ids</fieldlabel>
              <fieldentry>text2qti_choice_e1219fef5040704eacda23159268ce2a38b7c28747150522ae0994673e74ccb6,text2qti_choice_4a04c841882278094bfa99ec09ddc823701c49db8672cb2da326eb6c85efef57,text2qti_choice_6808542359147612d2ef3e418328db37ea751b73490f6794c1af8af60fa74baf,text2qti_choice_313da2b5d78445b824bcaca81efbc334b888607e0b542e04037ed3ebf1a54aa8</fieldentry>
            </qtimetadatafield>
            <qtimetadatafield>
              <fieldlabel>assessment_question_identifierref</fieldlabel>
              <fieldentry>text2qti_question_ref_372837f52085f5a4bd379a354454bb47219c145a31a4f746b060c2ac6d14b9de</fieldentry>
            </qtimetadatafield>
          </qtimetadata>
        </itemmetadata>
        <presentation>
          <material>
            <mattext texttype="text/html">&lt;p&gt;In a university database, the entity &amp;ldquo;Course&amp;rdquo; is related to the entity &amp;ldquo;Professor&amp;rdquo;. If each course must be taught by exactly one professor, what kind of cardinality is this?&lt;/p&gt;</mattext>
          </material>
          <response_lid ident="response1" rcardinality="Single">
            <render_choice>
              <response_label ident="text2qti_choice_e1219fef5040704eacda23159268ce2a38b7c28747150522ae0994673e74ccb6">
                <material>
                  <mattext texttype="text/html">&lt;p&gt;0..1&lt;/p&gt;</mattext>
                </material>
              </response_label>
              <response_label ident="text2qti_choice_4a04c841882278094bfa99ec09ddc823701c49db8672cb2da326eb6c85efef57">
                <material>
                  <mattext texttype="text/html">&lt;p&gt;1..1&lt;/p&gt;</mattext>
                </material>
              </response_label>
              <response_label ident="text2qti_choice_6808542359147612d2ef3e418328db37ea751b73490f6794c1af8af60fa74baf">
                <material>
                  <mattext texttype="text/html">&lt;p&gt;0..n&lt;/p&gt;</mattext>
                </material>
              </response_label>
              <response_label ident="text2qti_choice_313da2b5d78445b824bcaca81efbc334b888607e0b542e04037ed3ebf1a54aa8">
                <material>
                  <mattext texttype="text/html">&lt;p&gt;1..n&lt;/p&gt;</mattext>
                </material>
              </response_label>
            </render_choice>
          </response_lid>
        </presentation>
        <resprocessing>
          <outcomes>
            <decvar maxvalue="100" minvalue="0" varname="SCORE" vartype="Decimal"/>
          </outcomes>
          <respcondition continue="No">
            <conditionvar>
              <varequal respident="response1">text2qti_choice_4a04c841882278094bfa99ec09ddc823701c49db8672cb2da326eb6c85efef57</varequal>
            </conditionvar>
            <setvar action="Set" varname="SCORE">100</setvar>
          </respcondition>
        </resprocessing>
      </item>
      <item ident="text2qti_question_7f988b7e8ffb35fb8043e46f031ce4a44c7e30c9bb4b5ccdd31292ab54260893" title="Question">
        <itemmetadata>
          <qtimetadata>
            <qtimetadatafield>
              <fieldlabel>question_type</fieldlabel>
              <fieldentry>multiple_choice_question</fieldentry>
            </qtimetadatafield>
            <qtimetadatafield>
              <fieldlabel>points_possible</fieldlabel>
              <fieldentry>1</fieldentry>
            </qtimetadatafield>
            <qtimetadatafield>
              <fieldlabel>original_answer_ids</fieldlabel>
              <fieldentry>text2qti_choice_c165f2758e1002c2ed894171abcc4dc84c0cc93a21a281cbc15618cd243298c5,text2qti_choice_152418df73ec324dc787ead396578de81fa61b55b13756cd38c10d821f07b929,text2qti_choice_e6199a4f7ea39dbfb137dd029aa990979f65eb4235201ee1cef405ab1c455a45,text2qti_choice_35422fe1b3b505816d48e9590d8b5379c63ea63bcf92c099b7f32366ff69d07b</fieldentry>
            </qtimetadatafield>
            <qtimetadatafield>
              <fieldlabel>assessment_question_identifierref</fieldlabel>
              <fieldentry>text2qti_question_ref_7f988b7e8ffb35fb8043e46f031ce4a44c7e30c9bb4b5ccdd31292ab54260893</fieldentry>
            </qtimetadatafield>
          </qtimetadata>
        </itemmetadata>
        <presentation>
          <material>
            <mattext texttype="text/html">&lt;p&gt;If an attribute &amp;ldquo;Address&amp;rdquo; is composed of &amp;ldquo;Street&amp;rdquo;, &amp;ldquo;City&amp;rdquo;, and &amp;ldquo;ZipCode&amp;rdquo;, what kind of attribute is &amp;ldquo;Address&amp;rdquo;?&lt;/p&gt;</mattext>
          </material>
          <response_lid ident="response1" rcardinality="Single">
            <render_choice>
              <response_label ident="text2qti_choice_c165f2758e1002c2ed894171abcc4dc84c0cc93a21a281cbc15618cd243298c5">
                <material>
                  <mattext texttype="text/html">&lt;p&gt;Multivalued&lt;/p&gt;</mattext>
                </material>
              </response_label>
              <response_label ident="text2qti_choice_152418df73ec324dc787ead396578de81fa61b55b13756cd38c10d821f07b929">
                <material>
                  <mattext texttype="text/html">&lt;p&gt;Simple&lt;/p&gt;</mattext>
                </material>
              </response_label>
              <response_label ident="text2qti_choice_e6199a4f7ea39dbfb137dd029aa990979f65eb4235201ee1cef405ab1c455a45">
                <material>
                  <mattext texttype="text/html">&lt;p&gt;Derived&lt;/p&gt;</mattext>
                </material>
              </response_label>
              <response_label ident="text2qti_choice_35422fe1b3b505816d48e9590d8b5379c63ea63bcf92c099b7f32366ff69d07b">
                <material>
                  <mattext texttype="text/html">&lt;p&gt;Composite&lt;/p&gt;</mattext>
                </material>
              </response_label>
            </render_choice>
          </response_lid>
        </presentation>
        <resprocessing>
          <outcomes>
            <decvar maxvalue="100" minvalue="0" varname="SCORE" vartype="Decimal"/>
          </outcomes>
          <respcondition continue="No">
            <conditionvar>
              <varequal respident="response1">text2qti_choice_35422fe1b3b505816d48e9590d8b5379c63ea63bcf92c099b7f32366ff69d07b</varequal>
            </conditionvar>
            <setvar action="Set" varname="SCORE">100</setvar>
          </respcondition>
        </resprocessing>
      </item>
      <item ident="text2qti_question_accb74674e6ed14a043cea27c8195e4f29e596832fa7fd8b0c35c7e617657ef1" title="Question">
        <itemmetadata>
          <qtimetadata>
            <qtimetadatafield>
              <fieldlabel>question_type</fieldlabel>
              <fieldentry>multiple_choice_question</fieldentry>
            </qtimetadatafield>
            <qtimetadatafield>
              <fieldlabel>points_possible</fieldlabel>
              <fieldentry>1</fieldentry>
            </qtimetadatafield>
            <qtimetadatafield>
              <fieldlabel>original_answer_ids</fieldlabel>
              <fieldentry>text2qti_choice_9a33c978d13c2dbf7c62acff697a3b559ba25ee087dd026c1d6243d5b3d456b2,text2qti_choice_5e89a59d7d28178de88f44c6177d665e1514da88d57c2d8e0a257a402f672f37,text2qti_choice_cc21c1aba06357cbe83d001a5894d2daad98cafc8b5f77ee1fc070a29a5373e9,text2qti_choice_95d1ce6e15166cf9077a993086997931cf547c9bbc783391622406ecb8c42911</fieldentry>
            </qtimetadatafield>
            <qtimetadatafield>
              <fieldlabel>assessment_question_identifierref</fieldlabel>
              <fieldentry>text2qti_question_ref_accb74674e6ed14a043cea27c8195e4f29e596832fa7fd8b0c35c7e617657ef1</fieldentry>
            </qtimetadatafield>
          </qtimetadata>
        </itemmetadata>
        <presentation>
          <material>
            <mattext texttype="text/html">&lt;p&gt;You are creating an ER diagram for a library. You have entities for &amp;ldquo;Book&amp;rdquo; and &amp;ldquo;Member&amp;rdquo;. Which additional entity might you include to track which books are borrowed by members?&lt;/p&gt;</mattext>
          </material>
          <response_lid ident="response1" rcardinality="Single">
            <render_choice>
              <response_label ident="text2qti_choice_9a33c978d13c2dbf7c62acff697a3b559ba25ee087dd026c1d6243d5b3d456b2">
                <material>
                  <mattext texttype="text/html">&lt;p&gt;Inventory&lt;/p&gt;</mattext>
                </material>
              </response_label>
              <response_label ident="text2qti_choice_5e89a59d7d28178de88f44c6177d665e1514da88d57c2d8e0a257a402f672f37">
                <material>
                  <mattext texttype="text/html">&lt;p&gt;Transaction&lt;/p&gt;</mattext>
                </material>
              </response_label>
              <response_label ident="text2qti_choice_cc21c1aba06357cbe83d001a5894d2daad98cafc8b5f77ee1fc070a29a5373e9">
                <material>
                  <mattext texttype="text/html">&lt;p&gt;Category&lt;/p&gt;</mattext>
                </material>
              </response_label>
              <response_label ident="text2qti_choice_95d1ce6e15166cf9077a993086997931cf547c9bbc783391622406ecb8c42911">
                <material>
                  <mattext texttype="text/html">&lt;p&gt;Library&lt;/p&gt;</mattext>
                </material>
              </response_label>
            </render_choice>
          </response_lid>
        </presentation>
        <resprocessing>
          <outcomes>
            <decvar maxvalue="100" minvalue="0" varname="SCORE" vartype="Decimal"/>
          </outcomes>
          <respcondition continue="No">
            <conditionvar>
              <varequal respident="response1">text2qti_choice_5e89a59d7d28178de88f44c6177d665e1514da88d57c2d8e0a257a402f672f37</varequal>
            </conditionvar>
            <setvar action="Set" varname="SCORE">100</setvar>
          </respcondition>
        </resprocessing>
      </item>
      <item ident="text2qti_question_5951b4932151dfdd3c24f5f6267cb5f31cfdf0aa7258cd13487fd37ff72b28fd" title="Question">
        <itemmetadata>
          <qtimetadata>
            <qtimetadatafield>
              <fieldlabel>question_type</fieldlabel>
              <fieldentry>multiple_choice_question</fieldentry>
            </qtimetadatafield>
            <qtimetadatafield>
              <fieldlabel>points_possible</fieldlabel>
              <fieldentry>1</fieldentry>
            </qtimetadatafield>
            <qtimetadatafield>
              <fieldlabel>original_answer_ids</fieldlabel>
              <fieldentry>text2qti_choice_b8d81872c8adeebe2552d2cd62015ae33779b54a1892099dbd5b533bee0f11f6,text2qti_choice_0bee8db763d0f4d7c82e62fe3dfb885d1bf39cd4e98f97268325331210f487a8,text2qti_choice_4b6ad4f094fda26d25631cdbdc8f977c6dbded275c6e3e48eb3e1d69d28c3b3e,text2qti_choice_9295becf6acbbbd7966549e28951e639d1e1f4291262089c7ddf2881fdbe050d</fieldentry>
            </qtimetadatafield>
            <qtimetadatafield>
              <fieldlabel>assessment_question_identifierref</fieldlabel>
              <fieldentry>text2qti_question_ref_5951b4932151dfdd3c24f5f6267cb5f31cfdf0aa7258cd13487fd37ff72b28fd</fieldentry>
            </qtimetadatafield>
          </qtimetadata>
        </itemmetadata>
        <presentation>
          <material>
            <mattext texttype="text/html">&lt;p&gt;Given a &amp;ldquo;Customer&amp;rdquo; and &amp;ldquo;Order&amp;rdquo; entity, if an order must always belong to a customer, this represents which kind of participation constraint?&lt;/p&gt;</mattext>
          </material>
          <response_lid ident="response1" rcardinality="Single">
            <render_choice>
              <response_label ident="text2qti_choice_b8d81872c8adeebe2552d2cd62015ae33779b54a1892099dbd5b533bee0f11f6">
                <material>
                  <mattext texttype="text/html">&lt;p&gt;Total participation&lt;/p&gt;</mattext>
                </material>
              </response_label>
              <response_label ident="text2qti_choice_0bee8db763d0f4d7c82e62fe3dfb885d1bf39cd4e98f97268325331210f487a8">
                <material>
                  <mattext texttype="text/html">&lt;p&gt;Partial participation&lt;/p&gt;</mattext>
                </material>
              </response_label>
              <response_label ident="text2qti_choice_4b6ad4f094fda26d25631cdbdc8f977c6dbded275c6e3e48eb3e1d69d28c3b3e">
                <material>
                  <mattext texttype="text/html">&lt;p&gt;Optional participation&lt;/p&gt;</mattext>
                </material>
              </response_label>
              <response_label ident="text2qti_choice_9295becf6acbbbd7966549e28951e639d1e1f4291262089c7ddf2881fdbe050d">
                <material>
                  <mattext texttype="text/html">&lt;p&gt;Zero participation&lt;/p&gt;</mattext>
                </material>
              </response_label>
            </render_choice>
          </response_lid>
        </presentation>
        <resprocessing>
          <outcomes>
            <decvar maxvalue="100" minvalue="0" varname="SCORE" vartype="Decimal"/>
          </outcomes>
          <respcondition continue="No">
            <conditionvar>
              <varequal respident="response1">text2qti_choice_b8d81872c8adeebe2552d2cd62015ae33779b54a1892099dbd5b533bee0f11f6</varequal>
            </conditionvar>
            <setvar action="Set" varname="SCORE">100</setvar>
          </respcondition>
        </resprocessing>
      </item>
      <item ident="text2qti_question_e79af0f4ae96e1ce023a4a7189586e8f902b6b7bc0758fefcb859cc2164aad95" title="Question">
        <itemmetadata>
          <qtimetadata>
            <qtimetadatafield>
              <fieldlabel>question_type</fieldlabel>
              <fieldentry>multiple_choice_question</fieldentry>
            </qtimetadatafield>
            <qtimetadatafield>
              <fieldlabel>points_possible</fieldlabel>
              <fieldentry>1</fieldentry>
            </qtimetadatafield>
            <qtimetadatafield>
              <fieldlabel>original_answer_ids</fieldlabel>
              <fieldentry>text2qti_choice_445b40c5695068c940e46cad5972a92fb133c94ee7e6ca409807a28f21750fcb,text2qti_choice_eafa0d2dfccdeba96840b41271c4c0043f5ae662afe3ca45e06c6ed44ddfa9e6,text2qti_choice_6c0530c5c2a98e53c3d9e0dd219bad8d41bfea1c94e855424cefc5a525d536d5,text2qti_choice_f1af1e4897a0d72a07aa4a4dbc95617fab4dfc7f65d1b9c1cc46d8cd488c0cd4</fieldentry>
            </qtimetadatafield>
            <qtimetadatafield>
              <fieldlabel>assessment_question_identifierref</fieldlabel>
              <fieldentry>text2qti_question_ref_e79af0f4ae96e1ce023a4a7189586e8f902b6b7bc0758fefcb859cc2164aad95</fieldentry>
            </qtimetadatafield>
          </qtimetadata>
        </itemmetadata>
        <presentation>
          <material>
            <mattext texttype="text/html">&lt;p&gt;Which attribute would be a good candidate for a foreign key in a &amp;ldquo;Sales&amp;rdquo; table that links to a &amp;ldquo;Customer&amp;rdquo; table?&lt;/p&gt;</mattext>
          </material>
          <response_lid ident="response1" rcardinality="Single">
            <render_choice>
              <response_label ident="text2qti_choice_445b40c5695068c940e46cad5972a92fb133c94ee7e6ca409807a28f21750fcb">
                <material>
                  <mattext texttype="text/html">&lt;p&gt;SalesID&lt;/p&gt;</mattext>
                </material>
              </response_label>
              <response_label ident="text2qti_choice_eafa0d2dfccdeba96840b41271c4c0043f5ae662afe3ca45e06c6ed44ddfa9e6">
                <material>
                  <mattext texttype="text/html">&lt;p&gt;CustomerName&lt;/p&gt;</mattext>
                </material>
              </response_label>
              <response_label ident="text2qti_choice_6c0530c5c2a98e53c3d9e0dd219bad8d41bfea1c94e855424cefc5a525d536d5">
                <material>
                  <mattext texttype="text/html">&lt;p&gt;CustomerID&lt;/p&gt;</mattext>
                </material>
              </response_label>
              <response_label ident="text2qti_choice_f1af1e4897a0d72a07aa4a4dbc95617fab4dfc7f65d1b9c1cc46d8cd488c0cd4">
                <material>
                  <mattext texttype="text/html">&lt;p&gt;Amount&lt;/p&gt;</mattext>
                </material>
              </response_label>
            </render_choice>
          </response_lid>
        </presentation>
        <resprocessing>
          <outcomes>
            <decvar maxvalue="100" minvalue="0" varname="SCORE" vartype="Decimal"/>
          </outcomes>
          <respcondition continue="No">
            <conditionvar>
              <varequal respident="response1">text2qti_choice_6c0530c5c2a98e53c3d9e0dd219bad8d41bfea1c94e855424cefc5a525d536d5</varequal>
            </conditionvar>
            <setvar action="Set" varname="SCORE">100</setvar>
          </respcondition>
        </resprocessing>
      </item>
      <item ident="text2qti_question_fed51582ffc53e65e8496801ca64d15ac6fc254bda7e2c116f19227c853532d4" title="Question">
        <itemmetadata>
          <qtimetadata>
            <qtimetadatafield>
              <fieldlabel>question_type</fieldlabel>
              <fieldentry>multiple_choice_question</fieldentry>
            </qtimetadatafield>
            <qtimetadatafield>
              <fieldlabel>points_possible</fieldlabel>
              <fieldentry>1</fieldentry>
            </qtimetadatafield>
            <qtimetadatafield>
              <fieldlabel>original_answer_ids</fieldlabel>
              <fieldentry>text2qti_choice_8f3d7ee3c725439f0fea41ce5ae87135afc64399df26b04f086c8bb5abe2d1cf,text2qti_choice_3dc0c711d805dd636189224c7ad905bf51cc5251375967f7fbd7a8d4bc24a1c0,text2qti_choice_6b79486dd7911d1a419f7a5651e68f5e022901332fff2bc95e2090c75296d87e,text2qti_choice_ff15ed0d0144d31b29069c85b9a8d25ec038af05bf1d24d0ecc80ef64afd0683</fieldentry>
            </qtimetadatafield>
            <qtimetadatafield>
              <fieldlabel>assessment_question_identifierref</fieldlabel>
              <fieldentry>text2qti_question_ref_fed51582ffc53e65e8496801ca64d15ac6fc254bda7e2c116f19227c853532d4</fieldentry>
            </qtimetadatafield>
          </qtimetadata>
        </itemmetadata>
        <presentation>
          <material>
            <mattext texttype="text/html">&lt;p&gt;In a &amp;ldquo;Hospital&amp;rdquo; entity, you have attributes &amp;ldquo;Name&amp;rdquo;, &amp;ldquo;Address&amp;rdquo;, and &amp;ldquo;NumberOfBeds&amp;rdquo;. What might be a derived attribute here?&lt;/p&gt;</mattext>
          </material>
          <response_lid ident="response1" rcardinality="Single">
            <render_choice>
              <response_label ident="text2qti_choice_8f3d7ee3c725439f0fea41ce5ae87135afc64399df26b04f086c8bb5abe2d1cf">
                <material>
                  <mattext texttype="text/html">&lt;p&gt;Name&lt;/p&gt;</mattext>
                </material>
              </response_label>
              <response_label ident="text2qti_choice_3dc0c711d805dd636189224c7ad905bf51cc5251375967f7fbd7a8d4bc24a1c0">
                <material>
                  <mattext texttype="text/html">&lt;p&gt;Address&lt;/p&gt;</mattext>
                </material>
              </response_label>
              <response_label ident="text2qti_choice_6b79486dd7911d1a419f7a5651e68f5e022901332fff2bc95e2090c75296d87e">
                <material>
                  <mattext texttype="text/html">&lt;p&gt;BedOccupancyRate&lt;/p&gt;</mattext>
                </material>
              </response_label>
              <response_label ident="text2qti_choice_ff15ed0d0144d31b29069c85b9a8d25ec038af05bf1d24d0ecc80ef64afd0683">
                <material>
                  <mattext texttype="text/html">&lt;p&gt;NumberOfBeds&lt;/p&gt;</mattext>
                </material>
              </response_label>
            </render_choice>
          </response_lid>
        </presentation>
        <resprocessing>
          <outcomes>
            <decvar maxvalue="100" minvalue="0" varname="SCORE" vartype="Decimal"/>
          </outcomes>
          <respcondition continue="No">
            <conditionvar>
              <varequal respident="response1">text2qti_choice_6b79486dd7911d1a419f7a5651e68f5e022901332fff2bc95e2090c75296d87e</varequal>
            </conditionvar>
            <setvar action="Set" varname="SCORE">100</setvar>
          </respcondition>
        </resprocessing>
      </item>
      <item ident="text2qti_question_badf3ce459741b32f1dbe3e3e27cae8e4f40c65ed670b76f3340dea6ab4d5729" title="Question">
        <itemmetadata>
          <qtimetadata>
            <qtimetadatafield>
              <fieldlabel>question_type</fieldlabel>
              <fieldentry>multiple_choice_question</fieldentry>
            </qtimetadatafield>
            <qtimetadatafield>
              <fieldlabel>points_possible</fieldlabel>
              <fieldentry>1</fieldentry>
            </qtimetadatafield>
            <qtimetadatafield>
              <fieldlabel>original_answer_ids</fieldlabel>
              <fieldentry>text2qti_choice_6445e87ee4043e85ea0c1377f622bcbbd4a1cb37dcaa63b4cbe97e8683a06485,text2qti_choice_1021c10b59c06ed548aa53b1d95c6b33baec0710199c772954f3dbf774dde123,text2qti_choice_743ef1f13c424a2e734e105dd4ae37608071a0eb9320fdc3aebc32e9b02fef1e,text2qti_choice_e5b67987e4fd9d42abf9d117ddb7dfd1565c06ff79fe9f59f0dfb1f4023df63a</fieldentry>
            </qtimetadatafield>
            <qtimetadatafield>
              <fieldlabel>assessment_question_identifierref</fieldlabel>
              <fieldentry>text2qti_question_ref_badf3ce459741b32f1dbe3e3e27cae8e4f40c65ed670b76f3340dea6ab4d5729</fieldentry>
            </qtimetadatafield>
          </qtimetadata>
        </itemmetadata>
        <presentation>
          <material>
            <mattext texttype="text/html">&lt;p&gt;In a music streaming service database, how might you represent that a song can belong to multiple playlists?&lt;/p&gt;</mattext>
          </material>
          <response_lid ident="response1" rcardinality="Single">
            <render_choice>
              <response_label ident="text2qti_choice_6445e87ee4043e85ea0c1377f622bcbbd4a1cb37dcaa63b4cbe97e8683a06485">
                <material>
                  <mattext texttype="text/html">&lt;p&gt;Using a ternary relationship&lt;/p&gt;</mattext>
                </material>
              </response_label>
              <response_label ident="text2qti_choice_1021c10b59c06ed548aa53b1d95c6b33baec0710199c772954f3dbf774dde123">
                <material>
                  <mattext texttype="text/html">&lt;p&gt;Using a linking entity between Song and Playlist&lt;/p&gt;</mattext>
                </material>
              </response_label>
              <response_label ident="text2qti_choice_743ef1f13c424a2e734e105dd4ae37608071a0eb9320fdc3aebc32e9b02fef1e">
                <material>
                  <mattext texttype="text/html">&lt;p&gt;Making Playlist an attribute of Song&lt;/p&gt;</mattext>
                </material>
              </response_label>
              <response_label ident="text2qti_choice_e5b67987e4fd9d42abf9d117ddb7dfd1565c06ff79fe9f59f0dfb1f4023df63a">
                <material>
                  <mattext texttype="text/html">&lt;p&gt;Making Song a multivalued attribute of Playlist&lt;/p&gt;</mattext>
                </material>
              </response_label>
            </render_choice>
          </response_lid>
        </presentation>
        <resprocessing>
          <outcomes>
            <decvar maxvalue="100" minvalue="0" varname="SCORE" vartype="Decimal"/>
          </outcomes>
          <respcondition continue="No">
            <conditionvar>
              <varequal respident="response1">text2qti_choice_1021c10b59c06ed548aa53b1d95c6b33baec0710199c772954f3dbf774dde123</varequal>
            </conditionvar>
            <setvar action="Set" varname="SCORE">100</setvar>
          </respcondition>
        </resprocessing>
      </item>
      <item ident="text2qti_question_7203fe7d536de7f771e26c5569521a0e0c387492dea9363c59ad2ccd785ece7b" title="Question">
        <itemmetadata>
          <qtimetadata>
            <qtimetadatafield>
              <fieldlabel>question_type</fieldlabel>
              <fieldentry>multiple_choice_question</fieldentry>
            </qtimetadatafield>
            <qtimetadatafield>
              <fieldlabel>points_possible</fieldlabel>
              <fieldentry>1</fieldentry>
            </qtimetadatafield>
            <qtimetadatafield>
              <fieldlabel>original_answer_ids</fieldlabel>
              <fieldentry>text2qti_choice_ad6360468a10676aa123ee8da44acb2594c6f98dab03be65eaa72d0da1257c2e,text2qti_choice_a0d910a54ab66ef06ffae399f62abbad028fb020750befcc2159839b44f191ec,text2qti_choice_152bfed23011e883471cfbfd57fa1d3d31b9d0b442de6cc53548d39e26f1a779,text2qti_choice_367c07d3b22ebb31e6340bb4ad238c96c4547ef18dea912e1f907358027feac4</fieldentry>
            </qtimetadatafield>
            <qtimetadatafield>
              <fieldlabel>assessment_question_identifierref</fieldlabel>
              <fieldentry>text2qti_question_ref_7203fe7d536de7f771e26c5569521a0e0c387492dea9363c59ad2ccd785ece7b</fieldentry>
            </qtimetadatafield>
          </qtimetadata>
        </itemmetadata>
        <presentation>
          <material>
            <mattext texttype="text/html">&lt;p&gt;In an airline reservation system, what kind of relationship exists between &amp;ldquo;Passenger&amp;rdquo; and &amp;ldquo;Seat&amp;rdquo; if each passenger can reserve multiple seats but each seat can only be reserved by one passenger?&lt;/p&gt;</mattext>
          </material>
          <response_lid ident="response1" rcardinality="Single">
            <render_choice>
              <response_label ident="text2qti_choice_ad6360468a10676aa123ee8da44acb2594c6f98dab03be65eaa72d0da1257c2e">
                <material>
                  <mattext texttype="text/html">&lt;p&gt;One-to-one&lt;/p&gt;</mattext>
                </material>
              </response_label>
              <response_label ident="text2qti_choice_a0d910a54ab66ef06ffae399f62abbad028fb020750befcc2159839b44f191ec">
                <material>
                  <mattext texttype="text/html">&lt;p&gt;One-to-many&lt;/p&gt;</mattext>
                </material>
              </response_label>
              <response_label ident="text2qti_choice_152bfed23011e883471cfbfd57fa1d3d31b9d0b442de6cc53548d39e26f1a779">
                <material>
                  <mattext texttype="text/html">&lt;p&gt;Many-to-many&lt;/p&gt;</mattext>
                </material>
              </response_label>
              <response_label ident="text2qti_choice_367c07d3b22ebb31e6340bb4ad238c96c4547ef18dea912e1f907358027feac4">
                <material>
                  <mattext texttype="text/html">&lt;p&gt;Many-to-one&lt;/p&gt;</mattext>
                </material>
              </response_label>
            </render_choice>
          </response_lid>
        </presentation>
        <resprocessing>
          <outcomes>
            <decvar maxvalue="100" minvalue="0" varname="SCORE" vartype="Decimal"/>
          </outcomes>
          <respcondition continue="No">
            <conditionvar>
              <varequal respident="response1">text2qti_choice_a0d910a54ab66ef06ffae399f62abbad028fb020750befcc2159839b44f191ec</varequal>
            </conditionvar>
            <setvar action="Set" varname="SCORE">100</setvar>
          </respcondition>
        </resprocessing>
      </item>
      <item ident="text2qti_question_1afb6506a217ec167f6b4811ebfd6087a9052aacd39311e8f20a1d8dcc65b90b" title="Question">
        <itemmetadata>
          <qtimetadata>
            <qtimetadatafield>
              <fieldlabel>question_type</fieldlabel>
              <fieldentry>multiple_choice_question</fieldentry>
            </qtimetadatafield>
            <qtimetadatafield>
              <fieldlabel>points_possible</fieldlabel>
              <fieldentry>1</fieldentry>
            </qtimetadatafield>
            <qtimetadatafield>
              <fieldlabel>original_answer_ids</fieldlabel>
              <fieldentry>text2qti_choice_56824646eb93f0a9c3d30deab22790e0c46f3ac7c7ac0a262c017e4da5da968d,text2qti_choice_be3cd0f213e81bec2371a7e3508a9dbaee78af5e3d07f1f6ff7470323f5ed3b2,text2qti_choice_b91fee150d5bc0ff9fb2ec6684d2b61e08299db01dda0f8c45814c56c9c44a03,text2qti_choice_fc9d42afa5c7af31828b697c820931681b072cae335a9daa8300c4db0b6ed009</fieldentry>
            </qtimetadatafield>
            <qtimetadatafield>
              <fieldlabel>assessment_question_identifierref</fieldlabel>
              <fieldentry>text2qti_question_ref_1afb6506a217ec167f6b4811ebfd6087a9052aacd39311e8f20a1d8dcc65b90b</fieldentry>
            </qtimetadatafield>
          </qtimetadata>
        </itemmetadata>
        <presentation>
          <material>
            <mattext texttype="text/html">&lt;p&gt;Which of the following would not be a good primary key for a &amp;ldquo;Car&amp;rdquo; entity?&lt;/p&gt;</mattext>
          </material>
          <response_lid ident="response1" rcardinality="Single">
            <render_choice>
              <response_label ident="text2qti_choice_56824646eb93f0a9c3d30deab22790e0c46f3ac7c7ac0a262c017e4da5da968d">
                <material>
                  <mattext texttype="text/html">&lt;p&gt;CarRegistrationNumber&lt;/p&gt;</mattext>
                </material>
              </response_label>
              <response_label ident="text2qti_choice_be3cd0f213e81bec2371a7e3508a9dbaee78af5e3d07f1f6ff7470323f5ed3b2">
                <material>
                  <mattext texttype="text/html">&lt;p&gt;CarModel&lt;/p&gt;</mattext>
                </material>
              </response_label>
              <response_label ident="text2qti_choice_b91fee150d5bc0ff9fb2ec6684d2b61e08299db01dda0f8c45814c56c9c44a03">
                <material>
                  <mattext texttype="text/html">&lt;p&gt;VIN (Vehicle Identification Number)&lt;/p&gt;</mattext>
                </material>
              </response_label>
              <response_label ident="text2qti_choice_fc9d42afa5c7af31828b697c820931681b072cae335a9daa8300c4db0b6ed009">
                <material>
                  <mattext texttype="text/html">&lt;p&gt;CarColor&lt;/p&gt;</mattext>
                </material>
              </response_label>
            </render_choice>
          </response_lid>
        </presentation>
        <resprocessing>
          <outcomes>
            <decvar maxvalue="100" minvalue="0" varname="SCORE" vartype="Decimal"/>
          </outcomes>
          <respcondition continue="No">
            <conditionvar>
              <varequal respident="response1">text2qti_choice_fc9d42afa5c7af31828b697c820931681b072cae335a9daa8300c4db0b6ed009</varequal>
            </conditionvar>
            <setvar action="Set" varname="SCORE">100</setvar>
          </respcondition>
        </resprocessing>
      </item>
      <item ident="text2qti_question_e3badf435cfb6cc8c07d9e5ce1f06c66d1df1427f4dc325bb67ce6eb37fe9060" title="Question">
        <itemmetadata>
          <qtimetadata>
            <qtimetadatafield>
              <fieldlabel>question_type</fieldlabel>
              <fieldentry>multiple_choice_question</fieldentry>
            </qtimetadatafield>
            <qtimetadatafield>
              <fieldlabel>points_possible</fieldlabel>
              <fieldentry>1</fieldentry>
            </qtimetadatafield>
            <qtimetadatafield>
              <fieldlabel>original_answer_ids</fieldlabel>
              <fieldentry>text2qti_choice_6a32eebb2458c99be87f1fcacb367138205cf606f45e45cd9c1e10371ffed193,text2qti_choice_7856e46dd4cec8c0f1f3111b37a839c66afe11713753872698968df0cba85546,text2qti_choice_8a0d97fb4bcce495a192c826d81dd36cf6d24467a668451f75f08a9a46dd52ec,text2qti_choice_6760cde92fb478d3a20e69eef1b88bf6cc02e0163c5c30e7614ef8ad0c2fe5ad</fieldentry>
            </qtimetadatafield>
            <qtimetadatafield>
              <fieldlabel>assessment_question_identifierref</fieldlabel>
              <fieldentry>text2qti_question_ref_e3badf435cfb6cc8c07d9e5ce1f06c66d1df1427f4dc325bb67ce6eb37fe9060</fieldentry>
            </qtimetadatafield>
          </qtimetadata>
        </itemmetadata>
        <presentation>
          <material>
            <mattext texttype="text/html">&lt;p&gt;What is the role of an associative entity?&lt;/p&gt;</mattext>
          </material>
          <response_lid ident="response1" rcardinality="Single">
            <render_choice>
              <response_label ident="text2qti_choice_6a32eebb2458c99be87f1fcacb367138205cf606f45e45cd9c1e10371ffed193">
                <material>
                  <mattext texttype="text/html">&lt;p&gt;To store attributes&lt;/p&gt;</mattext>
                </material>
              </response_label>
              <response_label ident="text2qti_choice_7856e46dd4cec8c0f1f3111b37a839c66afe11713753872698968df0cba85546">
                <material>
                  <mattext texttype="text/html">&lt;p&gt;To resolve a ternary relationship&lt;/p&gt;</mattext>
                </material>
              </response_label>
              <response_label ident="text2qti_choice_8a0d97fb4bcce495a192c826d81dd36cf6d24467a668451f75f08a9a46dd52ec">
                <material>
                  <mattext texttype="text/html">&lt;p&gt;To resolve a many-to-many relationship&lt;/p&gt;</mattext>
                </material>
              </response_label>
              <response_label ident="text2qti_choice_6760cde92fb478d3a20e69eef1b88bf6cc02e0163c5c30e7614ef8ad0c2fe5ad">
                <material>
                  <mattext texttype="text/html">&lt;p&gt;To enforce constraints&lt;/p&gt;</mattext>
                </material>
              </response_label>
            </render_choice>
          </response_lid>
        </presentation>
        <resprocessing>
          <outcomes>
            <decvar maxvalue="100" minvalue="0" varname="SCORE" vartype="Decimal"/>
          </outcomes>
          <respcondition continue="No">
            <conditionvar>
              <varequal respident="response1">text2qti_choice_8a0d97fb4bcce495a192c826d81dd36cf6d24467a668451f75f08a9a46dd52ec</varequal>
            </conditionvar>
            <setvar action="Set" varname="SCORE">100</setvar>
          </respcondition>
        </resprocessing>
      </item>
      <item ident="text2qti_question_3855929493567c54c541970d82f25dd6a06edadd572b403b5d22495ce01272d3" title="Question">
        <itemmetadata>
          <qtimetadata>
            <qtimetadatafield>
              <fieldlabel>question_type</fieldlabel>
              <fieldentry>multiple_choice_question</fieldentry>
            </qtimetadatafield>
            <qtimetadatafield>
              <fieldlabel>points_possible</fieldlabel>
              <fieldentry>1</fieldentry>
            </qtimetadatafield>
            <qtimetadatafield>
              <fieldlabel>original_answer_ids</fieldlabel>
              <fieldentry>text2qti_choice_16dcd4d2deea8b4a0d20b26e9ad6e2e5ec4593f344207136b5598db6442edf5d,text2qti_choice_e3f01be3dee4a48cb73130a6fbd4d6204771cc72e2f7ab116eff09287dc2355a,text2qti_choice_b36cd237067bb065189eb5bf0606ba29a6dc5fa182d7eab5c3f045e12640fa0f,text2qti_choice_2cb3cc618f3e1edb025f44ba6dd713ea499f0cc60544e186ccd17b8b06ebefce</fieldentry>
            </qtimetadatafield>
            <qtimetadatafield>
              <fieldlabel>assessment_question_identifierref</fieldlabel>
              <fieldentry>text2qti_question_ref_3855929493567c54c541970d82f25dd6a06edadd572b403b5d22495ce01272d3</fieldentry>
            </qtimetadatafield>
          </qtimetadata>
        </itemmetadata>
        <presentation>
          <material>
            <mattext texttype="text/html">&lt;p&gt;What kind of attribute is &amp;ldquo;Age&amp;rdquo; if it can be derived from &amp;ldquo;Date of Birth&amp;rdquo;?&lt;/p&gt;</mattext>
          </material>
          <response_lid ident="response1" rcardinality="Single">
            <render_choice>
              <response_label ident="text2qti_choice_16dcd4d2deea8b4a0d20b26e9ad6e2e5ec4593f344207136b5598db6442edf5d">
                <material>
                  <mattext texttype="text/html">&lt;p&gt;Simple&lt;/p&gt;</mattext>
                </material>
              </response_label>
              <response_label ident="text2qti_choice_e3f01be3dee4a48cb73130a6fbd4d6204771cc72e2f7ab116eff09287dc2355a">
                <material>
                  <mattext texttype="text/html">&lt;p&gt;Composite&lt;/p&gt;</mattext>
                </material>
              </response_label>
              <response_label ident="text2qti_choice_b36cd237067bb065189eb5bf0606ba29a6dc5fa182d7eab5c3f045e12640fa0f">
                <material>
                  <mattext texttype="text/html">&lt;p&gt;Derived&lt;/p&gt;</mattext>
                </material>
              </response_label>
              <response_label ident="text2qti_choice_2cb3cc618f3e1edb025f44ba6dd713ea499f0cc60544e186ccd17b8b06ebefce">
                <material>
                  <mattext texttype="text/html">&lt;p&gt;Multivalued&lt;/p&gt;</mattext>
                </material>
              </response_label>
            </render_choice>
          </response_lid>
        </presentation>
        <resprocessing>
          <outcomes>
            <decvar maxvalue="100" minvalue="0" varname="SCORE" vartype="Decimal"/>
          </outcomes>
          <respcondition continue="No">
            <conditionvar>
              <varequal respident="response1">text2qti_choice_b36cd237067bb065189eb5bf0606ba29a6dc5fa182d7eab5c3f045e12640fa0f</varequal>
            </conditionvar>
            <setvar action="Set" varname="SCORE">100</setvar>
          </respcondition>
        </resprocessing>
      </item>
      <item ident="text2qti_question_35b9f3d8038be077f0fe5128971302065f35395b64dd4f37a44332875ee33216" title="Question">
        <itemmetadata>
          <qtimetadata>
            <qtimetadatafield>
              <fieldlabel>question_type</fieldlabel>
              <fieldentry>multiple_choice_question</fieldentry>
            </qtimetadatafield>
            <qtimetadatafield>
              <fieldlabel>points_possible</fieldlabel>
              <fieldentry>1</fieldentry>
            </qtimetadatafield>
            <qtimetadatafield>
              <fieldlabel>original_answer_ids</fieldlabel>
              <fieldentry>text2qti_choice_7cbe025c85105fa1005af09b9a192366aac0b26d04dff135bc42f26c678e06eb,text2qti_choice_f8d2669fcb85b97566038ec333a562aa3ffb452b9b0a4d7372f3f9b88b46c290,text2qti_choice_848faca60e3ccda2f7af39bcd97ca28caafe4795b25b0595316b5f71fc9e6490,text2qti_choice_57238ef9fdc1259ebc876da5536a1014b54bc5502bea4b889e4edf43c7da472e</fieldentry>
            </qtimetadatafield>
            <qtimetadatafield>
              <fieldlabel>assessment_question_identifierref</fieldlabel>
              <fieldentry>text2qti_question_ref_35b9f3d8038be077f0fe5128971302065f35395b64dd4f37a44332875ee33216</fieldentry>
            </qtimetadatafield>
          </qtimetadata>
        </itemmetadata>
        <presentation>
          <material>
            <mattext texttype="text/html">&lt;p&gt;How can a &amp;ldquo;many-to-many&amp;rdquo; relationship be represented in a database table?&lt;/p&gt;</mattext>
          </material>
          <response_lid ident="response1" rcardinality="Single">
            <render_choice>
              <response_label ident="text2qti_choice_7cbe025c85105fa1005af09b9a192366aac0b26d04dff135bc42f26c678e06eb">
                <material>
                  <mattext texttype="text/html">&lt;p&gt;Using a foreign key&lt;/p&gt;</mattext>
                </material>
              </response_label>
              <response_label ident="text2qti_choice_f8d2669fcb85b97566038ec333a562aa3ffb452b9b0a4d7372f3f9b88b46c290">
                <material>
                  <mattext texttype="text/html">&lt;p&gt;Using a linking table&lt;/p&gt;</mattext>
                </material>
              </response_label>
              <response_label ident="text2qti_choice_848faca60e3ccda2f7af39bcd97ca28caafe4795b25b0595316b5f71fc9e6490">
                <material>
                  <mattext texttype="text/html">&lt;p&gt;Using a composite key&lt;/p&gt;</mattext>
                </material>
              </response_label>
              <response_label ident="text2qti_choice_57238ef9fdc1259ebc876da5536a1014b54bc5502bea4b889e4edf43c7da472e">
                <material>
                  <mattext texttype="text/html">&lt;p&gt;It can&amp;rsquo;t be represented&lt;/p&gt;</mattext>
                </material>
              </response_label>
            </render_choice>
          </response_lid>
        </presentation>
        <resprocessing>
          <outcomes>
            <decvar maxvalue="100" minvalue="0" varname="SCORE" vartype="Decimal"/>
          </outcomes>
          <respcondition continue="No">
            <conditionvar>
              <varequal respident="response1">text2qti_choice_f8d2669fcb85b97566038ec333a562aa3ffb452b9b0a4d7372f3f9b88b46c290</varequal>
            </conditionvar>
            <setvar action="Set" varname="SCORE">100</setvar>
          </respcondition>
        </resprocessing>
      </item>
      <item ident="text2qti_question_7d2f669040c2dcef436bc3c70203bfbf3d144a08e54017ad0d9e7fc3fe88587e" title="Question">
        <itemmetadata>
          <qtimetadata>
            <qtimetadatafield>
              <fieldlabel>question_type</fieldlabel>
              <fieldentry>multiple_choice_question</fieldentry>
            </qtimetadatafield>
            <qtimetadatafield>
              <fieldlabel>points_possible</fieldlabel>
              <fieldentry>1</fieldentry>
            </qtimetadatafield>
            <qtimetadatafield>
              <fieldlabel>original_answer_ids</fieldlabel>
              <fieldentry>text2qti_choice_e1eb320ab7bb7281618802acdee8d647e1d1fd9a2301dd397b896572b24ecb23,text2qti_choice_5fc560e6a541e3839ee7f6d1e82c7e3db6d01877debe54b88930cfc96db2c1d3,text2qti_choice_60c1f23722918af70638f6bb4f6faf74eba682e29169e58bd3c4780f50306e9a,text2qti_choice_5ffbb5e43384e4409d4be87fab44f6e63e907c15b7fc2a58ea2fcf0983aef0ee</fieldentry>
            </qtimetadatafield>
            <qtimetadatafield>
              <fieldlabel>assessment_question_identifierref</fieldlabel>
              <fieldentry>text2qti_question_ref_7d2f669040c2dcef436bc3c70203bfbf3d144a08e54017ad0d9e7fc3fe88587e</fieldentry>
            </qtimetadatafield>
          </qtimetadata>
        </itemmetadata>
        <presentation>
          <material>
            <mattext texttype="text/html">&lt;p&gt;If the attribute &amp;ldquo;Phone Number&amp;rdquo; in an &amp;ldquo;Employee&amp;rdquo; entity can have multiple values, what kind of attribute is it?&lt;/p&gt;</mattext>
          </material>
          <response_lid ident="response1" rcardinality="Single">
            <render_choice>
              <response_label ident="text2qti_choice_e1eb320ab7bb7281618802acdee8d647e1d1fd9a2301dd397b896572b24ecb23">
                <material>
                  <mattext texttype="text/html">&lt;p&gt;Simple&lt;/p&gt;</mattext>
                </material>
              </response_label>
              <response_label ident="text2qti_choice_5fc560e6a541e3839ee7f6d1e82c7e3db6d01877debe54b88930cfc96db2c1d3">
                <material>
                  <mattext texttype="text/html">&lt;p&gt;Derived&lt;/p&gt;</mattext>
                </material>
              </response_label>
              <response_label ident="text2qti_choice_60c1f23722918af70638f6bb4f6faf74eba682e29169e58bd3c4780f50306e9a">
                <material>
                  <mattext texttype="text/html">&lt;p&gt;Composite&lt;/p&gt;</mattext>
                </material>
              </response_label>
              <response_label ident="text2qti_choice_5ffbb5e43384e4409d4be87fab44f6e63e907c15b7fc2a58ea2fcf0983aef0ee">
                <material>
                  <mattext texttype="text/html">&lt;p&gt;Multivalued&lt;/p&gt;</mattext>
                </material>
              </response_label>
            </render_choice>
          </response_lid>
        </presentation>
        <resprocessing>
          <outcomes>
            <decvar maxvalue="100" minvalue="0" varname="SCORE" vartype="Decimal"/>
          </outcomes>
          <respcondition continue="No">
            <conditionvar>
              <varequal respident="response1">text2qti_choice_5ffbb5e43384e4409d4be87fab44f6e63e907c15b7fc2a58ea2fcf0983aef0ee</varequal>
            </conditionvar>
            <setvar action="Set" varname="SCORE">100</setvar>
          </respcondition>
        </resprocessing>
      </item>
      <item ident="text2qti_question_e18136a26d0a3c3827e83e085eae6c5288a0f945febf17af05e63f3a1ce2f9b3" title="Question">
        <itemmetadata>
          <qtimetadata>
            <qtimetadatafield>
              <fieldlabel>question_type</fieldlabel>
              <fieldentry>multiple_choice_question</fieldentry>
            </qtimetadatafield>
            <qtimetadatafield>
              <fieldlabel>points_possible</fieldlabel>
              <fieldentry>1</fieldentry>
            </qtimetadatafield>
            <qtimetadatafield>
              <fieldlabel>original_answer_ids</fieldlabel>
              <fieldentry>text2qti_choice_cdec25d13b83700936ec2d572a1bbbf4cd9059bede52a7283cfd933084cde2bb,text2qti_choice_8c44e064d05e282c688c322f3d30fa66667f4f8b3fc2929f67abf2c3a94f5838,text2qti_choice_298856a05caac2b8a2b6ea3239cd66a2d303422c79bcd2cebe5e764480b76bdc,text2qti_choice_37b8eeebb611dec6c51958dfef293bee965127a877f8314457c3d8a5f3d989c0</fieldentry>
            </qtimetadatafield>
            <qtimetadatafield>
              <fieldlabel>assessment_question_identifierref</fieldlabel>
              <fieldentry>text2qti_question_ref_e18136a26d0a3c3827e83e085eae6c5288a0f945febf17af05e63f3a1ce2f9b3</fieldentry>
            </qtimetadatafield>
          </qtimetadata>
        </itemmetadata>
        <presentation>
          <material>
            <mattext texttype="text/html">&lt;p&gt;If you have entities &amp;ldquo;Manufacturer&amp;rdquo; and &amp;ldquo;Product&amp;rdquo; and each product is manufactured by exactly one manufacturer, how should you model this relationship?&lt;/p&gt;</mattext>
          </material>
          <response_lid ident="response1" rcardinality="Single">
            <render_choice>
              <response_label ident="text2qti_choice_cdec25d13b83700936ec2d572a1bbbf4cd9059bede52a7283cfd933084cde2bb">
                <material>
                  <mattext texttype="text/html">&lt;p&gt;One-to-many relationship from Manufacturer to Product&lt;/p&gt;</mattext>
                </material>
              </response_label>
              <response_label ident="text2qti_choice_8c44e064d05e282c688c322f3d30fa66667f4f8b3fc2929f67abf2c3a94f5838">
                <material>
                  <mattext texttype="text/html">&lt;p&gt;Many-to-many relationship between Manufacturer and Product&lt;/p&gt;</mattext>
                </material>
              </response_label>
              <response_label ident="text2qti_choice_298856a05caac2b8a2b6ea3239cd66a2d303422c79bcd2cebe5e764480b76bdc">
                <material>
                  <mattext texttype="text/html">&lt;p&gt;One-to-one relationship between Manufacturer and Product&lt;/p&gt;</mattext>
                </material>
              </response_label>
              <response_label ident="text2qti_choice_37b8eeebb611dec6c51958dfef293bee965127a877f8314457c3d8a5f3d989c0">
                <material>
                  <mattext texttype="text/html">&lt;p&gt;Many-to-one relationship from Manufacturer to Product&lt;/p&gt;</mattext>
                </material>
              </response_label>
            </render_choice>
          </response_lid>
        </presentation>
        <resprocessing>
          <outcomes>
            <decvar maxvalue="100" minvalue="0" varname="SCORE" vartype="Decimal"/>
          </outcomes>
          <respcondition continue="No">
            <conditionvar>
              <varequal respident="response1">text2qti_choice_cdec25d13b83700936ec2d572a1bbbf4cd9059bede52a7283cfd933084cde2bb</varequal>
            </conditionvar>
            <setvar action="Set" varname="SCORE">100</setvar>
          </respcondition>
        </resprocessing>
      </item>
      <item ident="text2qti_question_d793ce94fc7a12e3e4c8c354293e09ee5db65f4567ff48354192435faaa1dec7" title="Question">
        <itemmetadata>
          <qtimetadata>
            <qtimetadatafield>
              <fieldlabel>question_type</fieldlabel>
              <fieldentry>multiple_choice_question</fieldentry>
            </qtimetadatafield>
            <qtimetadatafield>
              <fieldlabel>points_possible</fieldlabel>
              <fieldentry>1</fieldentry>
            </qtimetadatafield>
            <qtimetadatafield>
              <fieldlabel>original_answer_ids</fieldlabel>
              <fieldentry>text2qti_choice_adfc3d175c3581a803817e3f9159543922a2b2039f555eb2584cf9637d68fb15,text2qti_choice_d7a22d94fe6c31fdfad39583fb8bbf9f0b11ccfa08381d34ff0ea316973f082f,text2qti_choice_3ef2bc86bef3ceb97d345a8d4dbbaa88aae0a77f5130a5f262f257bc93125fc0,text2qti_choice_37feb6b31eac67d0e48e48c297aa0c0f1ad2bd4e34d75562bd041458a3ac95d1</fieldentry>
            </qtimetadatafield>
            <qtimetadatafield>
              <fieldlabel>assessment_question_identifierref</fieldlabel>
              <fieldentry>text2qti_question_ref_d793ce94fc7a12e3e4c8c354293e09ee5db65f4567ff48354192435faaa1dec7</fieldentry>
            </qtimetadatafield>
          </qtimetadata>
        </itemmetadata>
        <presentation>
          <material>
            <mattext texttype="text/html">&lt;p&gt;In a banking database, an entity &amp;ldquo;Account&amp;rdquo; is related to another entity &amp;ldquo;Transaction&amp;rdquo;. What type of relationship should this be?&lt;/p&gt;</mattext>
          </material>
          <response_lid ident="response1" rcardinality="Single">
            <render_choice>
              <response_label ident="text2qti_choice_adfc3d175c3581a803817e3f9159543922a2b2039f555eb2584cf9637d68fb15">
                <material>
                  <mattext texttype="text/html">&lt;p&gt;One-to-one&lt;/p&gt;</mattext>
                </material>
              </response_label>
              <response_label ident="text2qti_choice_d7a22d94fe6c31fdfad39583fb8bbf9f0b11ccfa08381d34ff0ea316973f082f">
                <material>
                  <mattext texttype="text/html">&lt;p&gt;One-to-many&lt;/p&gt;</mattext>
                </material>
              </response_label>
              <response_label ident="text2qti_choice_3ef2bc86bef3ceb97d345a8d4dbbaa88aae0a77f5130a5f262f257bc93125fc0">
                <material>
                  <mattext texttype="text/html">&lt;p&gt;Many-to-many&lt;/p&gt;</mattext>
                </material>
              </response_label>
              <response_label ident="text2qti_choice_37feb6b31eac67d0e48e48c297aa0c0f1ad2bd4e34d75562bd041458a3ac95d1">
                <material>
                  <mattext texttype="text/html">&lt;p&gt;Many-to-one&lt;/p&gt;</mattext>
                </material>
              </response_label>
            </render_choice>
          </response_lid>
        </presentation>
        <resprocessing>
          <outcomes>
            <decvar maxvalue="100" minvalue="0" varname="SCORE" vartype="Decimal"/>
          </outcomes>
          <respcondition continue="No">
            <conditionvar>
              <varequal respident="response1">text2qti_choice_d7a22d94fe6c31fdfad39583fb8bbf9f0b11ccfa08381d34ff0ea316973f082f</varequal>
            </conditionvar>
            <setvar action="Set" varname="SCORE">100</setvar>
          </respcondition>
        </resprocessing>
      </item>
      <item ident="text2qti_question_29d0a73bb4d36960317226aa69b66c6c6a3beb54073090965e8463b9b729635e" title="Question">
        <itemmetadata>
          <qtimetadata>
            <qtimetadatafield>
              <fieldlabel>question_type</fieldlabel>
              <fieldentry>multiple_choice_question</fieldentry>
            </qtimetadatafield>
            <qtimetadatafield>
              <fieldlabel>points_possible</fieldlabel>
              <fieldentry>1</fieldentry>
            </qtimetadatafield>
            <qtimetadatafield>
              <fieldlabel>original_answer_ids</fieldlabel>
              <fieldentry>text2qti_choice_07022326c193fc4b926626ec1697725d1d2e1fb87f454113069a046f5b08bacb,text2qti_choice_e76aa993558d166bb7c678d5672eeb78a0d87ecd3ad01d9f48bd8ee1583cf855,text2qti_choice_3ce71d2220d413b255c2d585a214a4fe9e644fed3927300c3ac968ed7ce42826,text2qti_choice_ddc324e6cc7e3e214a684784a051e523906180e24f46ee337388796bec5c34cd</fieldentry>
            </qtimetadatafield>
            <qtimetadatafield>
              <fieldlabel>assessment_question_identifierref</fieldlabel>
              <fieldentry>text2qti_question_ref_29d0a73bb4d36960317226aa69b66c6c6a3beb54073090965e8463b9b729635e</fieldentry>
            </qtimetadatafield>
          </qtimetadata>
        </itemmetadata>
        <presentation>
          <material>
            <mattext texttype="text/html">&lt;p&gt;What should be the cardinality between a &amp;ldquo;Doctor&amp;rdquo; entity and an &amp;ldquo;Appointment&amp;rdquo; entity if each doctor can have multiple appointments but each appointment is with one specific doctor?&lt;/p&gt;</mattext>
          </material>
          <response_lid ident="response1" rcardinality="Single">
            <render_choice>
              <response_label ident="text2qti_choice_07022326c193fc4b926626ec1697725d1d2e1fb87f454113069a046f5b08bacb">
                <material>
                  <mattext texttype="text/html">&lt;p&gt;0..1 to 1..1&lt;/p&gt;</mattext>
                </material>
              </response_label>
              <response_label ident="text2qti_choice_e76aa993558d166bb7c678d5672eeb78a0d87ecd3ad01d9f48bd8ee1583cf855">
                <material>
                  <mattext texttype="text/html">&lt;p&gt;1..1 to 1..n&lt;/p&gt;</mattext>
                </material>
              </response_label>
              <response_label ident="text2qti_choice_3ce71d2220d413b255c2d585a214a4fe9e644fed3927300c3ac968ed7ce42826">
                <material>
                  <mattext texttype="text/html">&lt;p&gt;1..n to 1..1&lt;/p&gt;</mattext>
                </material>
              </response_label>
              <response_label ident="text2qti_choice_ddc324e6cc7e3e214a684784a051e523906180e24f46ee337388796bec5c34cd">
                <material>
                  <mattext texttype="text/html">&lt;p&gt;0..n to 1..1&lt;/p&gt;</mattext>
                </material>
              </response_label>
            </render_choice>
          </response_lid>
        </presentation>
        <resprocessing>
          <outcomes>
            <decvar maxvalue="100" minvalue="0" varname="SCORE" vartype="Decimal"/>
          </outcomes>
          <respcondition continue="No">
            <conditionvar>
              <varequal respident="response1">text2qti_choice_3ce71d2220d413b255c2d585a214a4fe9e644fed3927300c3ac968ed7ce42826</varequal>
            </conditionvar>
            <setvar action="Set" varname="SCORE">100</setvar>
          </respcondition>
        </resprocessing>
      </item>
      <item ident="text2qti_question_910a80461b8f11820de5605bfd1bcea5adbadedd3c8dd1df15814daf66ee3fd1" title="Question">
        <itemmetadata>
          <qtimetadata>
            <qtimetadatafield>
              <fieldlabel>question_type</fieldlabel>
              <fieldentry>multiple_choice_question</fieldentry>
            </qtimetadatafield>
            <qtimetadatafield>
              <fieldlabel>points_possible</fieldlabel>
              <fieldentry>1</fieldentry>
            </qtimetadatafield>
            <qtimetadatafield>
              <fieldlabel>original_answer_ids</fieldlabel>
              <fieldentry>text2qti_choice_d9a42352f8b005a14ab2d44a16dac66acb4e513717e747aa10ceea467e03d612,text2qti_choice_92df7013f74352b1cffe47071ab0c3cef652ee97bdaa3ff29a1d030d529b1c23,text2qti_choice_f6cc58fae9c84f46e28570bcf006ae8d0a398ddc1a4b0a6f39218b415d12bd1d,text2qti_choice_f359dec7c84a51ff9e644164ef4e90b3ce05aa9c69b34e40517ea7bb790aeee6</fieldentry>
            </qtimetadatafield>
            <qtimetadatafield>
              <fieldlabel>assessment_question_identifierref</fieldlabel>
              <fieldentry>text2qti_question_ref_910a80461b8f11820de5605bfd1bcea5adbadedd3c8dd1df15814daf66ee3fd1</fieldentry>
            </qtimetadatafield>
          </qtimetadata>
        </itemmetadata>
        <presentation>
          <material>
            <mattext texttype="text/html">&lt;p&gt;If you are modeling a university database where each student can register for multiple courses and each course can have multiple students, what type of entity or table would you introduce to resolve this?&lt;/p&gt;</mattext>
          </material>
          <response_lid ident="response1" rcardinality="Single">
            <render_choice>
              <response_label ident="text2qti_choice_d9a42352f8b005a14ab2d44a16dac66acb4e513717e747aa10ceea467e03d612">
                <material>
                  <mattext texttype="text/html">&lt;p&gt;A derived entity&lt;/p&gt;</mattext>
                </material>
              </response_label>
              <response_label ident="text2qti_choice_92df7013f74352b1cffe47071ab0c3cef652ee97bdaa3ff29a1d030d529b1c23">
                <material>
                  <mattext texttype="text/html">&lt;p&gt;A weak entity&lt;/p&gt;</mattext>
                </material>
              </response_label>
              <response_label ident="text2qti_choice_f6cc58fae9c84f46e28570bcf006ae8d0a398ddc1a4b0a6f39218b415d12bd1d">
                <material>
                  <mattext texttype="text/html">&lt;p&gt;An associative entity&lt;/p&gt;</mattext>
                </material>
              </response_label>
              <response_label ident="text2qti_choice_f359dec7c84a51ff9e644164ef4e90b3ce05aa9c69b34e40517ea7bb790aeee6">
                <material>
                  <mattext texttype="text/html">&lt;p&gt;A dependent entity&lt;/p&gt;</mattext>
                </material>
              </response_label>
            </render_choice>
          </response_lid>
        </presentation>
        <resprocessing>
          <outcomes>
            <decvar maxvalue="100" minvalue="0" varname="SCORE" vartype="Decimal"/>
          </outcomes>
          <respcondition continue="No">
            <conditionvar>
              <varequal respident="response1">text2qti_choice_f6cc58fae9c84f46e28570bcf006ae8d0a398ddc1a4b0a6f39218b415d12bd1d</varequal>
            </conditionvar>
            <setvar action="Set" varname="SCORE">100</setvar>
          </respcondition>
        </resprocessing>
      </item>
      <item ident="text2qti_question_f389111687258a12cc4d49367c542c71e2834899a1c470661e2ca9d63a28486d" title="Question">
        <itemmetadata>
          <qtimetadata>
            <qtimetadatafield>
              <fieldlabel>question_type</fieldlabel>
              <fieldentry>multiple_choice_question</fieldentry>
            </qtimetadatafield>
            <qtimetadatafield>
              <fieldlabel>points_possible</fieldlabel>
              <fieldentry>1</fieldentry>
            </qtimetadatafield>
            <qtimetadatafield>
              <fieldlabel>original_answer_ids</fieldlabel>
              <fieldentry>text2qti_choice_b4fe4b1fd83e96c26b02df6cc65a2cfc238d02be7cd40ca7c21ca2069e077c4c,text2qti_choice_5b140bbf90eac261de7d7487ad8677e9869cb1722e402e60329436e1f569bb5e,text2qti_choice_5a63ef1ed730537ff4a9a07afb34aa13cd95178f7adef5e83712507b0514c5c3,text2qti_choice_18428e6bb23c6a752e278b44d8054ad927ba0623b555d278fdfdd1fdb83a84f6</fieldentry>
            </qtimetadatafield>
            <qtimetadatafield>
              <fieldlabel>assessment_question_identifierref</fieldlabel>
              <fieldentry>text2qti_question_ref_f389111687258a12cc4d49367c542c71e2834899a1c470661e2ca9d63a28486d</fieldentry>
            </qtimetadatafield>
          </qtimetadata>
        </itemmetadata>
        <presentation>
          <material>
            <mattext texttype="text/html">&lt;p&gt;If an &amp;ldquo;Order&amp;rdquo; entity has a total price that is calculated based on the individual prices of ordered items, what kind of attribute is &amp;ldquo;Total Price&amp;rdquo;?&lt;/p&gt;</mattext>
          </material>
          <response_lid ident="response1" rcardinality="Single">
            <render_choice>
              <response_label ident="text2qti_choice_b4fe4b1fd83e96c26b02df6cc65a2cfc238d02be7cd40ca7c21ca2069e077c4c">
                <material>
                  <mattext texttype="text/html">&lt;p&gt;Multivalued&lt;/p&gt;</mattext>
                </material>
              </response_label>
              <response_label ident="text2qti_choice_5b140bbf90eac261de7d7487ad8677e9869cb1722e402e60329436e1f569bb5e">
                <material>
                  <mattext texttype="text/html">&lt;p&gt;Composite&lt;/p&gt;</mattext>
                </material>
              </response_label>
              <response_label ident="text2qti_choice_5a63ef1ed730537ff4a9a07afb34aa13cd95178f7adef5e83712507b0514c5c3">
                <material>
                  <mattext texttype="text/html">&lt;p&gt;Derived&lt;/p&gt;</mattext>
                </material>
              </response_label>
              <response_label ident="text2qti_choice_18428e6bb23c6a752e278b44d8054ad927ba0623b555d278fdfdd1fdb83a84f6">
                <material>
                  <mattext texttype="text/html">&lt;p&gt;Simple&lt;/p&gt;</mattext>
                </material>
              </response_label>
            </render_choice>
          </response_lid>
        </presentation>
        <resprocessing>
          <outcomes>
            <decvar maxvalue="100" minvalue="0" varname="SCORE" vartype="Decimal"/>
          </outcomes>
          <respcondition continue="No">
            <conditionvar>
              <varequal respident="response1">text2qti_choice_5a63ef1ed730537ff4a9a07afb34aa13cd95178f7adef5e83712507b0514c5c3</varequal>
            </conditionvar>
            <setvar action="Set" varname="SCORE">100</setvar>
          </respcondition>
        </resprocessing>
      </item>
    </section>
  </assessment>
</questestinterop>
