<?xml version="1.0" encoding="UTF-8"?>
<questestinterop xmlns="http://www.imsglobal.org/xsd/ims_qtiasiv1p2" xmlns:xsi="http://www.w3.org/2001/XMLSchema-instance" xsi:schemaLocation="http://www.imsglobal.org/xsd/ims_qtiasiv1p2 http://www.imsglobal.org/xsd/ims_qtiasiv1p2p1.xsd">
  <assessment ident="text2qti_assessment_cc5fecd8671239c14233ba6f66a7e6ab015f51c1479775aa51045c47d82ddde7" title="Quiz 2 - Bank - ER Models - Blooms 5 (Evaluate)">
    <qtimetadata>
      <qtimetadatafield>
        <fieldlabel>cc_maxattempts</fieldlabel>
        <fieldentry>1</fieldentry>
      </qtimetadatafield>
    </qtimetadata>
    <section ident="root_section">
      <item ident="text2qti_question_a961f6915e0174537e70a7885ac03b29b34c606cc99ba7e7354e1d3b6e3e68c5" title="Question">
        <itemmetadata>
          <qtimetadata>
            <qtimetadatafield>
              <fieldlabel>question_type</fieldlabel>
              <fieldentry>multiple_choice_question</fieldentry>
            </qtimetadatafield>
            <qtimetadatafield>
              <fieldlabel>points_possible</fieldlabel>
              <fieldentry>1</fieldentry>
            </qtimetadatafield>
            <qtimetadatafield>
              <fieldlabel>original_answer_ids</fieldlabel>
              <fieldentry>text2qti_choice_b62ad6e3c3a321865ee8dc876f344242e0b4373da63356f2e655958cd90a1f7c,text2qti_choice_24b16a828db1e690b913c3c17d7408ba9895b24fc0e7c9540151bdb7ee185968,text2qti_choice_2a851f260cbbe30836ca182c42186a78bb00e754eb60cccc0f9c3f62650ddac9,text2qti_choice_4f619933ad62d6657a41a80168778b66a6993917fea13b0a327e5054cb0c7239</fieldentry>
            </qtimetadatafield>
            <qtimetadatafield>
              <fieldlabel>assessment_question_identifierref</fieldlabel>
              <fieldentry>text2qti_question_ref_a961f6915e0174537e70a7885ac03b29b34c606cc99ba7e7354e1d3b6e3e68c5</fieldentry>
            </qtimetadatafield>
          </qtimetadata>
        </itemmetadata>
        <presentation>
          <material>
            <mattext texttype="text/html">&lt;p&gt;Is a “Gender” attribute best represented as a single-valued or multi-valued attribute?&lt;/p&gt;</mattext>
          </material>
          <response_lid ident="response1" rcardinality="Single">
            <render_choice>
              <response_label ident="text2qti_choice_b62ad6e3c3a321865ee8dc876f344242e0b4373da63356f2e655958cd90a1f7c">
                <material>
                  <mattext texttype="text/html">&lt;p&gt;Single-valued&lt;/p&gt;</mattext>
                </material>
              </response_label>
              <response_label ident="text2qti_choice_24b16a828db1e690b913c3c17d7408ba9895b24fc0e7c9540151bdb7ee185968">
                <material>
                  <mattext texttype="text/html">&lt;p&gt;Multi-valued&lt;/p&gt;</mattext>
                </material>
              </response_label>
              <response_label ident="text2qti_choice_2a851f260cbbe30836ca182c42186a78bb00e754eb60cccc0f9c3f62650ddac9">
                <material>
                  <mattext texttype="text/html">&lt;p&gt;Composite&lt;/p&gt;</mattext>
                </material>
              </response_label>
              <response_label ident="text2qti_choice_4f619933ad62d6657a41a80168778b66a6993917fea13b0a327e5054cb0c7239">
                <material>
                  <mattext texttype="text/html">&lt;p&gt;Derived&lt;/p&gt;</mattext>
                </material>
              </response_label>
            </render_choice>
          </response_lid>
        </presentation>
        <resprocessing>
          <outcomes>
            <decvar maxvalue="100" minvalue="0" varname="SCORE" vartype="Decimal"/>
          </outcomes>
          <respcondition continue="No">
            <conditionvar>
              <varequal respident="response1">text2qti_choice_b62ad6e3c3a321865ee8dc876f344242e0b4373da63356f2e655958cd90a1f7c</varequal>
            </conditionvar>
            <setvar action="Set" varname="SCORE">100</setvar>
          </respcondition>
        </resprocessing>
      </item>
      <item ident="text2qti_question_006e0540fb6cc3abd0987a196047ace5b193365643a8111695cd6afcc53accdc" title="Question">
        <itemmetadata>
          <qtimetadata>
            <qtimetadatafield>
              <fieldlabel>question_type</fieldlabel>
              <fieldentry>multiple_choice_question</fieldentry>
            </qtimetadatafield>
            <qtimetadatafield>
              <fieldlabel>points_possible</fieldlabel>
              <fieldentry>1</fieldentry>
            </qtimetadatafield>
            <qtimetadatafield>
              <fieldlabel>original_answer_ids</fieldlabel>
              <fieldentry>text2qti_choice_8881c43a9aede00464104205eb6369a1eb70e9412bcd137ebb95483bfba3e777,text2qti_choice_64ec3574a95d5b7802199a88a583be1fa2ba2fbe7f5d542380838666f4393e57,text2qti_choice_aaea34874ea1137a82d3591ca21d8bf0eb05e9fa544e2f479987620cb5d8c9e6,text2qti_choice_c522580c82636fcd905043ad84a05e2290895a822ddf20a8e87f9288c32250a3</fieldentry>
            </qtimetadatafield>
            <qtimetadatafield>
              <fieldlabel>assessment_question_identifierref</fieldlabel>
              <fieldentry>text2qti_question_ref_006e0540fb6cc3abd0987a196047ace5b193365643a8111695cd6afcc53accdc</fieldentry>
            </qtimetadatafield>
          </qtimetadata>
        </itemmetadata>
        <presentation>
          <material>
            <mattext texttype="text/html">&lt;p&gt;If a weak entity has no owner entity, what should be your course of action?&lt;/p&gt;</mattext>
          </material>
          <response_lid ident="response1" rcardinality="Single">
            <render_choice>
              <response_label ident="text2qti_choice_8881c43a9aede00464104205eb6369a1eb70e9412bcd137ebb95483bfba3e777">
                <material>
                  <mattext texttype="text/html">&lt;p&gt;Delete the weak entity&lt;/p&gt;</mattext>
                </material>
              </response_label>
              <response_label ident="text2qti_choice_64ec3574a95d5b7802199a88a583be1fa2ba2fbe7f5d542380838666f4393e57">
                <material>
                  <mattext texttype="text/html">&lt;p&gt;Make the weak entity a strong entity&lt;/p&gt;</mattext>
                </material>
              </response_label>
              <response_label ident="text2qti_choice_aaea34874ea1137a82d3591ca21d8bf0eb05e9fa544e2f479987620cb5d8c9e6">
                <material>
                  <mattext texttype="text/html">&lt;p&gt;Attach it to an existing strong entity&lt;/p&gt;</mattext>
                </material>
              </response_label>
              <response_label ident="text2qti_choice_c522580c82636fcd905043ad84a05e2290895a822ddf20a8e87f9288c32250a3">
                <material>
                  <mattext texttype="text/html">&lt;p&gt;Review the database requirements, as this should not occur&lt;/p&gt;</mattext>
                </material>
              </response_label>
            </render_choice>
          </response_lid>
        </presentation>
        <resprocessing>
          <outcomes>
            <decvar maxvalue="100" minvalue="0" varname="SCORE" vartype="Decimal"/>
          </outcomes>
          <respcondition continue="No">
            <conditionvar>
              <varequal respident="response1">text2qti_choice_c522580c82636fcd905043ad84a05e2290895a822ddf20a8e87f9288c32250a3</varequal>
            </conditionvar>
            <setvar action="Set" varname="SCORE">100</setvar>
          </respcondition>
        </resprocessing>
      </item>
      <item ident="text2qti_question_e03765d082c1de5ec94e32cca92b1152119dcae1e857e99d1716c85b77f0c866" title="Question">
        <itemmetadata>
          <qtimetadata>
            <qtimetadatafield>
              <fieldlabel>question_type</fieldlabel>
              <fieldentry>multiple_choice_question</fieldentry>
            </qtimetadatafield>
            <qtimetadatafield>
              <fieldlabel>points_possible</fieldlabel>
              <fieldentry>1</fieldentry>
            </qtimetadatafield>
            <qtimetadatafield>
              <fieldlabel>original_answer_ids</fieldlabel>
              <fieldentry>text2qti_choice_aca63a94d4f251eb0433c08ec7f71c951d55ba18d457cacd6f0cbd8cc1e61770,text2qti_choice_e4864e85f5b4c2caa34984607076e983f33abe30af91d7bfd7b5b4df975354bb,text2qti_choice_52611045f73025339ae4f09ae6589cfa63c3ba823e921e1e4334de092124ec06,text2qti_choice_5d58f0e9d8dcb957ef8390d4233c62c69ee517b9e4a569c5ca890430cfadce70</fieldentry>
            </qtimetadatafield>
            <qtimetadatafield>
              <fieldlabel>assessment_question_identifierref</fieldlabel>
              <fieldentry>text2qti_question_ref_e03765d082c1de5ec94e32cca92b1152119dcae1e857e99d1716c85b77f0c866</fieldentry>
            </qtimetadatafield>
          </qtimetadata>
        </itemmetadata>
        <presentation>
          <material>
            <mattext texttype="text/html">&lt;p&gt;You are given two ER diagrams that model the same database but are structurally different. Which one is better?&lt;/p&gt;</mattext>
          </material>
          <response_lid ident="response1" rcardinality="Single">
            <render_choice>
              <response_label ident="text2qti_choice_aca63a94d4f251eb0433c08ec7f71c951d55ba18d457cacd6f0cbd8cc1e61770">
                <material>
                  <mattext texttype="text/html">&lt;p&gt;The one with fewer entities&lt;/p&gt;</mattext>
                </material>
              </response_label>
              <response_label ident="text2qti_choice_e4864e85f5b4c2caa34984607076e983f33abe30af91d7bfd7b5b4df975354bb">
                <material>
                  <mattext texttype="text/html">&lt;p&gt;The one that closely resembles real-world processes&lt;/p&gt;</mattext>
                </material>
              </response_label>
              <response_label ident="text2qti_choice_52611045f73025339ae4f09ae6589cfa63c3ba823e921e1e4334de092124ec06">
                <material>
                  <mattext texttype="text/html">&lt;p&gt;The one with fewer attributes&lt;/p&gt;</mattext>
                </material>
              </response_label>
              <response_label ident="text2qti_choice_5d58f0e9d8dcb957ef8390d4233c62c69ee517b9e4a569c5ca890430cfadce70">
                <material>
                  <mattext texttype="text/html">&lt;p&gt;The one with fewer relationships&lt;/p&gt;</mattext>
                </material>
              </response_label>
            </render_choice>
          </response_lid>
        </presentation>
        <resprocessing>
          <outcomes>
            <decvar maxvalue="100" minvalue="0" varname="SCORE" vartype="Decimal"/>
          </outcomes>
          <respcondition continue="No">
            <conditionvar>
              <varequal respident="response1">text2qti_choice_e4864e85f5b4c2caa34984607076e983f33abe30af91d7bfd7b5b4df975354bb</varequal>
            </conditionvar>
            <setvar action="Set" varname="SCORE">100</setvar>
          </respcondition>
        </resprocessing>
      </item>
      <item ident="text2qti_question_2da6359d5bd4f8c013677da7dc52ee4a382002c62ca3cbcc0c8b37aa32531463" title="Question">
        <itemmetadata>
          <qtimetadata>
            <qtimetadatafield>
              <fieldlabel>question_type</fieldlabel>
              <fieldentry>multiple_choice_question</fieldentry>
            </qtimetadatafield>
            <qtimetadatafield>
              <fieldlabel>points_possible</fieldlabel>
              <fieldentry>1</fieldentry>
            </qtimetadatafield>
            <qtimetadatafield>
              <fieldlabel>original_answer_ids</fieldlabel>
              <fieldentry>text2qti_choice_a8da31c52a1e4ec7cd39cba1729c8d16868d58aecaec46172287bd9b5b1f3de4,text2qti_choice_238ceb4354dbea0aea8daa0f1c0954e636f5a1c348ce1f4564e0eb4ea318f045,text2qti_choice_af39bc0986c03c732861537b6a3a2fc03d64e12faf6a1124a5d55e03a23a9ed4,text2qti_choice_1c6bcf6cfc23ff708dc14cb925400fcdf8569533c13c083bf15ec518c36ff13e</fieldentry>
            </qtimetadatafield>
            <qtimetadatafield>
              <fieldlabel>assessment_question_identifierref</fieldlabel>
              <fieldentry>text2qti_question_ref_2da6359d5bd4f8c013677da7dc52ee4a382002c62ca3cbcc0c8b37aa32531463</fieldentry>
            </qtimetadatafield>
          </qtimetadata>
        </itemmetadata>
        <presentation>
          <material>
            <mattext texttype="text/html">&lt;p&gt;A colleague suggests using a single entity to represent both &amp;ldquo;Current Employees&amp;rdquo; and &amp;ldquo;Past Employees.&amp;rdquo; Is this advisable?&lt;/p&gt;</mattext>
          </material>
          <response_lid ident="response1" rcardinality="Single">
            <render_choice>
              <response_label ident="text2qti_choice_a8da31c52a1e4ec7cd39cba1729c8d16868d58aecaec46172287bd9b5b1f3de4">
                <material>
                  <mattext texttype="text/html">&lt;p&gt;Yes, it will simplify the database&lt;/p&gt;</mattext>
                </material>
              </response_label>
              <response_label ident="text2qti_choice_238ceb4354dbea0aea8daa0f1c0954e636f5a1c348ce1f4564e0eb4ea318f045">
                <material>
                  <mattext texttype="text/html">&lt;p&gt;No, it may create challenges in data management and queries&lt;/p&gt;</mattext>
                </material>
              </response_label>
              <response_label ident="text2qti_choice_af39bc0986c03c732861537b6a3a2fc03d64e12faf6a1124a5d55e03a23a9ed4">
                <material>
                  <mattext texttype="text/html">&lt;p&gt;Yes, it will improve performance&lt;/p&gt;</mattext>
                </material>
              </response_label>
              <response_label ident="text2qti_choice_1c6bcf6cfc23ff708dc14cb925400fcdf8569533c13c083bf15ec518c36ff13e">
                <material>
                  <mattext texttype="text/html">&lt;p&gt;It depends on the requirement.&lt;/p&gt;</mattext>
                </material>
              </response_label>
            </render_choice>
          </response_lid>
        </presentation>
        <resprocessing>
          <outcomes>
            <decvar maxvalue="100" minvalue="0" varname="SCORE" vartype="Decimal"/>
          </outcomes>
          <respcondition continue="No">
            <conditionvar>
              <varequal respident="response1">text2qti_choice_1c6bcf6cfc23ff708dc14cb925400fcdf8569533c13c083bf15ec518c36ff13e</varequal>
            </conditionvar>
            <setvar action="Set" varname="SCORE">100</setvar>
          </respcondition>
        </resprocessing>
      </item>
      <item ident="text2qti_question_df6d7794a0799bef5001ef94c13173104d1f0837db2ef7331dbde36081a885c1" title="Question">
        <itemmetadata>
          <qtimetadata>
            <qtimetadatafield>
              <fieldlabel>question_type</fieldlabel>
              <fieldentry>multiple_choice_question</fieldentry>
            </qtimetadatafield>
            <qtimetadatafield>
              <fieldlabel>points_possible</fieldlabel>
              <fieldentry>1</fieldentry>
            </qtimetadatafield>
            <qtimetadatafield>
              <fieldlabel>original_answer_ids</fieldlabel>
              <fieldentry>text2qti_choice_ba71e155eb2196fa4bf7be44240c6271d4ecfbda8a9829f50eadf303298087ef,text2qti_choice_5e4a7bb3fc27b78a3bb44a5e888a2f8e9b3b37812a463425fa90370ae312b576,text2qti_choice_21f0cb379658b1a4a04bcff5afb9deead940875383f4fb1a8e6efd62067b9d53,text2qti_choice_55220cb8948914859f2b269b9dbe5a3a9afbd703c0f8e4a4df2be490ed80ac9d</fieldentry>
            </qtimetadatafield>
            <qtimetadatafield>
              <fieldlabel>assessment_question_identifierref</fieldlabel>
              <fieldentry>text2qti_question_ref_df6d7794a0799bef5001ef94c13173104d1f0837db2ef7331dbde36081a885c1</fieldentry>
            </qtimetadatafield>
          </qtimetadata>
        </itemmetadata>
        <presentation>
          <material>
            <mattext texttype="text/html">&lt;p&gt;Which type of relationship should generally be avoided when possible?&lt;/p&gt;</mattext>
          </material>
          <response_lid ident="response1" rcardinality="Single">
            <render_choice>
              <response_label ident="text2qti_choice_ba71e155eb2196fa4bf7be44240c6271d4ecfbda8a9829f50eadf303298087ef">
                <material>
                  <mattext texttype="text/html">&lt;p&gt;One-to-One&lt;/p&gt;</mattext>
                </material>
              </response_label>
              <response_label ident="text2qti_choice_5e4a7bb3fc27b78a3bb44a5e888a2f8e9b3b37812a463425fa90370ae312b576">
                <material>
                  <mattext texttype="text/html">&lt;p&gt;One-to-Many&lt;/p&gt;</mattext>
                </material>
              </response_label>
              <response_label ident="text2qti_choice_21f0cb379658b1a4a04bcff5afb9deead940875383f4fb1a8e6efd62067b9d53">
                <material>
                  <mattext texttype="text/html">&lt;p&gt;Many-to-Many&lt;/p&gt;</mattext>
                </material>
              </response_label>
              <response_label ident="text2qti_choice_55220cb8948914859f2b269b9dbe5a3a9afbd703c0f8e4a4df2be490ed80ac9d">
                <material>
                  <mattext texttype="text/html">&lt;p&gt;Ternary relationships&lt;/p&gt;</mattext>
                </material>
              </response_label>
            </render_choice>
          </response_lid>
        </presentation>
        <resprocessing>
          <outcomes>
            <decvar maxvalue="100" minvalue="0" varname="SCORE" vartype="Decimal"/>
          </outcomes>
          <respcondition continue="No">
            <conditionvar>
              <varequal respident="response1">text2qti_choice_55220cb8948914859f2b269b9dbe5a3a9afbd703c0f8e4a4df2be490ed80ac9d</varequal>
            </conditionvar>
            <setvar action="Set" varname="SCORE">100</setvar>
          </respcondition>
        </resprocessing>
      </item>
      <item ident="text2qti_question_1aa6ab75646da0131bfe996ffdb6be23147ab9ee7f64307e6ad9abf526c15bbe" title="Question">
        <itemmetadata>
          <qtimetadata>
            <qtimetadatafield>
              <fieldlabel>question_type</fieldlabel>
              <fieldentry>multiple_choice_question</fieldentry>
            </qtimetadatafield>
            <qtimetadatafield>
              <fieldlabel>points_possible</fieldlabel>
              <fieldentry>1</fieldentry>
            </qtimetadatafield>
            <qtimetadatafield>
              <fieldlabel>original_answer_ids</fieldlabel>
              <fieldentry>text2qti_choice_098d6026cc4d6c9fb4995762bbb8f779264963cc1d6a590266828a5fa5006527,text2qti_choice_5267d37706080297e4a8eb1d0841be01fe51bd76dc8af5ab761fd308f1bb67c3,text2qti_choice_46047953288ec14ee332adbc837322d8a7be26a9a05e0b3e056d42e81170b1db,text2qti_choice_4b1a2ee7dff27280f23d1c3463dea647e2bebf36409576b8e2d757b12ae7da59</fieldentry>
            </qtimetadatafield>
            <qtimetadatafield>
              <fieldlabel>assessment_question_identifierref</fieldlabel>
              <fieldentry>text2qti_question_ref_1aa6ab75646da0131bfe996ffdb6be23147ab9ee7f64307e6ad9abf526c15bbe</fieldentry>
            </qtimetadatafield>
          </qtimetadata>
        </itemmetadata>
        <presentation>
          <material>
            <mattext texttype="text/html">&lt;p&gt;What is the most significant disadvantage of not properly defining cardinalities in an ER diagram?&lt;/p&gt;</mattext>
          </material>
          <response_lid ident="response1" rcardinality="Single">
            <render_choice>
              <response_label ident="text2qti_choice_098d6026cc4d6c9fb4995762bbb8f779264963cc1d6a590266828a5fa5006527">
                <material>
                  <mattext texttype="text/html">&lt;p&gt;Increased database size&lt;/p&gt;</mattext>
                </material>
              </response_label>
              <response_label ident="text2qti_choice_5267d37706080297e4a8eb1d0841be01fe51bd76dc8af5ab761fd308f1bb67c3">
                <material>
                  <mattext texttype="text/html">&lt;p&gt;Poor database performance&lt;/p&gt;</mattext>
                </material>
              </response_label>
              <response_label ident="text2qti_choice_46047953288ec14ee332adbc837322d8a7be26a9a05e0b3e056d42e81170b1db">
                <material>
                  <mattext texttype="text/html">&lt;p&gt;Difficulty in creating SQL queries&lt;/p&gt;</mattext>
                </material>
              </response_label>
              <response_label ident="text2qti_choice_4b1a2ee7dff27280f23d1c3463dea647e2bebf36409576b8e2d757b12ae7da59">
                <material>
                  <mattext texttype="text/html">&lt;p&gt;Potential for incorrect data relationships&lt;/p&gt;</mattext>
                </material>
              </response_label>
            </render_choice>
          </response_lid>
        </presentation>
        <resprocessing>
          <outcomes>
            <decvar maxvalue="100" minvalue="0" varname="SCORE" vartype="Decimal"/>
          </outcomes>
          <respcondition continue="No">
            <conditionvar>
              <varequal respident="response1">text2qti_choice_4b1a2ee7dff27280f23d1c3463dea647e2bebf36409576b8e2d757b12ae7da59</varequal>
            </conditionvar>
            <setvar action="Set" varname="SCORE">100</setvar>
          </respcondition>
        </resprocessing>
      </item>
      <item ident="text2qti_question_f667278474cdcbe3d7be9c91742d99387b0b303c5e35d7f7dc9f661a4faeeb75" title="Question">
        <itemmetadata>
          <qtimetadata>
            <qtimetadatafield>
              <fieldlabel>question_type</fieldlabel>
              <fieldentry>multiple_choice_question</fieldentry>
            </qtimetadatafield>
            <qtimetadatafield>
              <fieldlabel>points_possible</fieldlabel>
              <fieldentry>1</fieldentry>
            </qtimetadatafield>
            <qtimetadatafield>
              <fieldlabel>original_answer_ids</fieldlabel>
              <fieldentry>text2qti_choice_8c7753f7f4c55a00ecc426cd0623751a4a6bff0a59f6d93ed274854ae07edd82,text2qti_choice_70995b5ed2d883e5b2bc1bea7fd8ad894fdbe6cbdddeec55cb4ec7858de19119,text2qti_choice_27e89013457acdb27a3268f36c7532fbf3c7d90b24aa525710146ee792b9e070,text2qti_choice_ac2e9b6843c010615951a681292100b9c451a3a343f8a04f3631a2fafdb87593</fieldentry>
            </qtimetadatafield>
            <qtimetadatafield>
              <fieldlabel>assessment_question_identifierref</fieldlabel>
              <fieldentry>text2qti_question_ref_f667278474cdcbe3d7be9c91742d99387b0b303c5e35d7f7dc9f661a4faeeb75</fieldentry>
            </qtimetadatafield>
          </qtimetadata>
        </itemmetadata>
        <presentation>
          <material>
            <mattext texttype="text/html">&lt;p&gt;In a database representing books and authors, if some books are written by multiple authors and some authors have written multiple books, is a Many-to-Many relationship justified?&lt;/p&gt;</mattext>
          </material>
          <response_lid ident="response1" rcardinality="Single">
            <render_choice>
              <response_label ident="text2qti_choice_8c7753f7f4c55a00ecc426cd0623751a4a6bff0a59f6d93ed274854ae07edd82">
                <material>
                  <mattext texttype="text/html">&lt;p&gt;Yes&lt;/p&gt;</mattext>
                </material>
              </response_label>
              <response_label ident="text2qti_choice_70995b5ed2d883e5b2bc1bea7fd8ad894fdbe6cbdddeec55cb4ec7858de19119">
                <material>
                  <mattext texttype="text/html">&lt;p&gt;No, a single book should always be related to a single author&lt;/p&gt;</mattext>
                </material>
              </response_label>
              <response_label ident="text2qti_choice_27e89013457acdb27a3268f36c7532fbf3c7d90b24aa525710146ee792b9e070">
                <material>
                  <mattext texttype="text/html">&lt;p&gt;No, it should be One-to-Many&lt;/p&gt;</mattext>
                </material>
              </response_label>
              <response_label ident="text2qti_choice_ac2e9b6843c010615951a681292100b9c451a3a343f8a04f3631a2fafdb87593">
                <material>
                  <mattext texttype="text/html">&lt;p&gt;No, a third entity should be introduced&lt;/p&gt;</mattext>
                </material>
              </response_label>
            </render_choice>
          </response_lid>
        </presentation>
        <resprocessing>
          <outcomes>
            <decvar maxvalue="100" minvalue="0" varname="SCORE" vartype="Decimal"/>
          </outcomes>
          <respcondition continue="No">
            <conditionvar>
              <varequal respident="response1">text2qti_choice_8c7753f7f4c55a00ecc426cd0623751a4a6bff0a59f6d93ed274854ae07edd82</varequal>
            </conditionvar>
            <setvar action="Set" varname="SCORE">100</setvar>
          </respcondition>
        </resprocessing>
      </item>
      <item ident="text2qti_question_45d96548c29449d186731678ffb50716538e7085675f17a13b76909bb97293bf" title="Question">
        <itemmetadata>
          <qtimetadata>
            <qtimetadatafield>
              <fieldlabel>question_type</fieldlabel>
              <fieldentry>multiple_choice_question</fieldentry>
            </qtimetadatafield>
            <qtimetadatafield>
              <fieldlabel>points_possible</fieldlabel>
              <fieldentry>1</fieldentry>
            </qtimetadatafield>
            <qtimetadatafield>
              <fieldlabel>original_answer_ids</fieldlabel>
              <fieldentry>text2qti_choice_25f68273893c1f3ceb32cf78d8f26a0d06520d0d367f5c39dcd8b7c899767a7c,text2qti_choice_979120e3990922dacd4a6c405dec5cee9598f913bfbb9003223d2c26b1e6e4e2,text2qti_choice_118b1b427c51cc3651b75924a045792c392754a9e88e94708968d44a08252b30,text2qti_choice_f53e58ab71a1b35378fa2a67ef9fccd78d05cd78b979d4dfaa00606ca1a69e54</fieldentry>
            </qtimetadatafield>
            <qtimetadatafield>
              <fieldlabel>assessment_question_identifierref</fieldlabel>
              <fieldentry>text2qti_question_ref_45d96548c29449d186731678ffb50716538e7085675f17a13b76909bb97293bf</fieldentry>
            </qtimetadatafield>
          </qtimetadata>
        </itemmetadata>
        <presentation>
          <material>
            <mattext texttype="text/html">&lt;p&gt;How would you evaluate the efficiency of an ER diagram?&lt;/p&gt;</mattext>
          </material>
          <response_lid ident="response1" rcardinality="Single">
            <render_choice>
              <response_label ident="text2qti_choice_25f68273893c1f3ceb32cf78d8f26a0d06520d0d367f5c39dcd8b7c899767a7c">
                <material>
                  <mattext texttype="text/html">&lt;p&gt;By the number of entities&lt;/p&gt;</mattext>
                </material>
              </response_label>
              <response_label ident="text2qti_choice_979120e3990922dacd4a6c405dec5cee9598f913bfbb9003223d2c26b1e6e4e2">
                <material>
                  <mattext texttype="text/html">&lt;p&gt;By its ability to accurately model the real-world scenario without unnecessary complexity&lt;/p&gt;</mattext>
                </material>
              </response_label>
              <response_label ident="text2qti_choice_118b1b427c51cc3651b75924a045792c392754a9e88e94708968d44a08252b30">
                <material>
                  <mattext texttype="text/html">&lt;p&gt;By the number of attributes&lt;/p&gt;</mattext>
                </material>
              </response_label>
              <response_label ident="text2qti_choice_f53e58ab71a1b35378fa2a67ef9fccd78d05cd78b979d4dfaa00606ca1a69e54">
                <material>
                  <mattext texttype="text/html">&lt;p&gt;By the number of relationships&lt;/p&gt;</mattext>
                </material>
              </response_label>
            </render_choice>
          </response_lid>
        </presentation>
        <resprocessing>
          <outcomes>
            <decvar maxvalue="100" minvalue="0" varname="SCORE" vartype="Decimal"/>
          </outcomes>
          <respcondition continue="No">
            <conditionvar>
              <varequal respident="response1">text2qti_choice_979120e3990922dacd4a6c405dec5cee9598f913bfbb9003223d2c26b1e6e4e2</varequal>
            </conditionvar>
            <setvar action="Set" varname="SCORE">100</setvar>
          </respcondition>
        </resprocessing>
      </item>
      <item ident="text2qti_question_22a5c85b4e332a26aad3a55d0439810639a19a93390b1cd6f0dd45e7df3ee265" title="Question">
        <itemmetadata>
          <qtimetadata>
            <qtimetadatafield>
              <fieldlabel>question_type</fieldlabel>
              <fieldentry>multiple_choice_question</fieldentry>
            </qtimetadatafield>
            <qtimetadatafield>
              <fieldlabel>points_possible</fieldlabel>
              <fieldentry>1</fieldentry>
            </qtimetadatafield>
            <qtimetadatafield>
              <fieldlabel>original_answer_ids</fieldlabel>
              <fieldentry>text2qti_choice_4e674508372c753f626db03980eb767acd7e24cdb1e813a3e03b5182be9ea7a5,text2qti_choice_960979680db92cfaa6fbce8e46b09b5054bb76b80b4b924a6ffbf6e1329a4d16,text2qti_choice_085364d0f2bfff64095cdaf65586502378683fd5e7b6cdef6c4318cbb5f93798,text2qti_choice_b1876b4a097b0abcac44b263d753696d39952020ee8e557dad3d57e6ef44a8d3</fieldentry>
            </qtimetadatafield>
            <qtimetadatafield>
              <fieldlabel>assessment_question_identifierref</fieldlabel>
              <fieldentry>text2qti_question_ref_22a5c85b4e332a26aad3a55d0439810639a19a93390b1cd6f0dd45e7df3ee265</fieldentry>
            </qtimetadatafield>
          </qtimetadata>
        </itemmetadata>
        <presentation>
          <material>
            <mattext texttype="text/html">&lt;p&gt;If an entity does not participate in any relationship, what would you consider doing?&lt;/p&gt;</mattext>
          </material>
          <response_lid ident="response1" rcardinality="Single">
            <render_choice>
              <response_label ident="text2qti_choice_4e674508372c753f626db03980eb767acd7e24cdb1e813a3e03b5182be9ea7a5">
                <material>
                  <mattext texttype="text/html">&lt;p&gt;Delete the entity&lt;/p&gt;</mattext>
                </material>
              </response_label>
              <response_label ident="text2qti_choice_960979680db92cfaa6fbce8e46b09b5054bb76b80b4b924a6ffbf6e1329a4d16">
                <material>
                  <mattext texttype="text/html">&lt;p&gt;Force a relationship with another entity&lt;/p&gt;</mattext>
                </material>
              </response_label>
              <response_label ident="text2qti_choice_085364d0f2bfff64095cdaf65586502378683fd5e7b6cdef6c4318cbb5f93798">
                <material>
                  <mattext texttype="text/html">&lt;p&gt;Evaluate whether it serves a unique purpose that justifies its isolation&lt;/p&gt;</mattext>
                </material>
              </response_label>
              <response_label ident="text2qti_choice_b1876b4a097b0abcac44b263d753696d39952020ee8e557dad3d57e6ef44a8d3">
                <material>
                  <mattext texttype="text/html">&lt;p&gt;Merge it with another entity&lt;/p&gt;</mattext>
                </material>
              </response_label>
            </render_choice>
          </response_lid>
        </presentation>
        <resprocessing>
          <outcomes>
            <decvar maxvalue="100" minvalue="0" varname="SCORE" vartype="Decimal"/>
          </outcomes>
          <respcondition continue="No">
            <conditionvar>
              <varequal respident="response1">text2qti_choice_085364d0f2bfff64095cdaf65586502378683fd5e7b6cdef6c4318cbb5f93798</varequal>
            </conditionvar>
            <setvar action="Set" varname="SCORE">100</setvar>
          </respcondition>
        </resprocessing>
      </item>
      <item ident="text2qti_question_008fc21e4d8248f42ee935f053a6eeba84f49c78953d405b2ca4c7859f51a97d" title="Question">
        <itemmetadata>
          <qtimetadata>
            <qtimetadatafield>
              <fieldlabel>question_type</fieldlabel>
              <fieldentry>multiple_choice_question</fieldentry>
            </qtimetadatafield>
            <qtimetadatafield>
              <fieldlabel>points_possible</fieldlabel>
              <fieldentry>1</fieldentry>
            </qtimetadatafield>
            <qtimetadatafield>
              <fieldlabel>original_answer_ids</fieldlabel>
              <fieldentry>text2qti_choice_8d62da906e2782fea6972d2e9a39d3733997a19bcf8575706cae455be57ff1bb,text2qti_choice_9ccd67255a32929d0ac8adf6b365510c988e2ec44ea4c1e20eb4e87b8503da74,text2qti_choice_285148747965a1af76bfb4d289e72114a434a2b9d18ad0cff7a5b464d51e6777,text2qti_choice_d421fc85f393620becbbbd083bd04978ac0c5b01c36b93d9b3aeee5152b89e3e</fieldentry>
            </qtimetadatafield>
            <qtimetadatafield>
              <fieldlabel>assessment_question_identifierref</fieldlabel>
              <fieldentry>text2qti_question_ref_008fc21e4d8248f42ee935f053a6eeba84f49c78953d405b2ca4c7859f51a97d</fieldentry>
            </qtimetadatafield>
          </qtimetadata>
        </itemmetadata>
        <presentation>
          <material>
            <mattext texttype="text/html">&lt;p&gt;Your ER diagram has many derived attributes. What should you consider?&lt;/p&gt;</mattext>
          </material>
          <response_lid ident="response1" rcardinality="Single">
            <render_choice>
              <response_label ident="text2qti_choice_8d62da906e2782fea6972d2e9a39d3733997a19bcf8575706cae455be57ff1bb">
                <material>
                  <mattext texttype="text/html">&lt;p&gt;Keeping them, as they are necessary&lt;/p&gt;</mattext>
                </material>
              </response_label>
              <response_label ident="text2qti_choice_9ccd67255a32929d0ac8adf6b365510c988e2ec44ea4c1e20eb4e87b8503da74">
                <material>
                  <mattext texttype="text/html">&lt;p&gt;Removing all derived attributes&lt;/p&gt;</mattext>
                </material>
              </response_label>
              <response_label ident="text2qti_choice_285148747965a1af76bfb4d289e72114a434a2b9d18ad0cff7a5b464d51e6777">
                <material>
                  <mattext texttype="text/html">&lt;p&gt;Evaluate if they can be computed in queries, to reduce redundancy&lt;/p&gt;</mattext>
                </material>
              </response_label>
              <response_label ident="text2qti_choice_d421fc85f393620becbbbd083bd04978ac0c5b01c36b93d9b3aeee5152b89e3e">
                <material>
                  <mattext texttype="text/html">&lt;p&gt;Converting them into strong entities&lt;/p&gt;</mattext>
                </material>
              </response_label>
            </render_choice>
          </response_lid>
        </presentation>
        <resprocessing>
          <outcomes>
            <decvar maxvalue="100" minvalue="0" varname="SCORE" vartype="Decimal"/>
          </outcomes>
          <respcondition continue="No">
            <conditionvar>
              <varequal respident="response1">text2qti_choice_285148747965a1af76bfb4d289e72114a434a2b9d18ad0cff7a5b464d51e6777</varequal>
            </conditionvar>
            <setvar action="Set" varname="SCORE">100</setvar>
          </respcondition>
        </resprocessing>
      </item>
      <item ident="text2qti_question_2aaca1c62cbf5a16dc9bcb83b963f74e8ccf3ce6f3d7efa515414e34f264743e" title="Question">
        <itemmetadata>
          <qtimetadata>
            <qtimetadatafield>
              <fieldlabel>question_type</fieldlabel>
              <fieldentry>multiple_choice_question</fieldentry>
            </qtimetadatafield>
            <qtimetadatafield>
              <fieldlabel>points_possible</fieldlabel>
              <fieldentry>1</fieldentry>
            </qtimetadatafield>
            <qtimetadatafield>
              <fieldlabel>original_answer_ids</fieldlabel>
              <fieldentry>text2qti_choice_ef7656216d157770042b35c0ab2be556082f8de2f24ae70f5cdff54b37e6d81b,text2qti_choice_bc64ba48d637a6aa9f582ba35299d95495dacdaed6976495aa7e50f34ffa2829,text2qti_choice_244558977453076924bd6ebdd008d92ddedbae637c3bc3fd720fc7e87f6a5669,text2qti_choice_719f69a9dc104a19eddcd46e48ca0f0a6dcdf0d244b9dc63a47579ae6976cad6</fieldentry>
            </qtimetadatafield>
            <qtimetadatafield>
              <fieldlabel>assessment_question_identifierref</fieldlabel>
              <fieldentry>text2qti_question_ref_2aaca1c62cbf5a16dc9bcb83b963f74e8ccf3ce6f3d7efa515414e34f264743e</fieldentry>
            </qtimetadatafield>
          </qtimetadata>
        </itemmetadata>
        <presentation>
          <material>
            <mattext texttype="text/html">&lt;p&gt;Your ER diagram has separate entities for &amp;ldquo;Players&amp;rdquo; and &amp;ldquo;Coaches.&amp;rdquo; Both share several similar attributes like &amp;ldquo;Name,&amp;rdquo; &amp;ldquo;DOB,&amp;rdquo; and &amp;ldquo;Nationality.&amp;rdquo; What might be a better approach?&lt;/p&gt;</mattext>
          </material>
          <response_lid ident="response1" rcardinality="Single">
            <render_choice>
              <response_label ident="text2qti_choice_ef7656216d157770042b35c0ab2be556082f8de2f24ae70f5cdff54b37e6d81b">
                <material>
                  <mattext texttype="text/html">&lt;p&gt;Leave them separate to reduce complexity&lt;/p&gt;</mattext>
                </material>
              </response_label>
              <response_label ident="text2qti_choice_bc64ba48d637a6aa9f582ba35299d95495dacdaed6976495aa7e50f34ffa2829">
                <material>
                  <mattext texttype="text/html">&lt;p&gt;Merge them into a single &amp;ldquo;Person&amp;rdquo; entity&lt;/p&gt;</mattext>
                </material>
              </response_label>
              <response_label ident="text2qti_choice_244558977453076924bd6ebdd008d92ddedbae637c3bc3fd720fc7e87f6a5669">
                <material>
                  <mattext texttype="text/html">&lt;p&gt;Create a &amp;ldquo;Staff&amp;rdquo; entity and relate it to &amp;ldquo;Players&amp;rdquo; and &amp;ldquo;Coaches&amp;rdquo;&lt;/p&gt;</mattext>
                </material>
              </response_label>
              <response_label ident="text2qti_choice_719f69a9dc104a19eddcd46e48ca0f0a6dcdf0d244b9dc63a47579ae6976cad6">
                <material>
                  <mattext texttype="text/html">&lt;p&gt;Add another entity for &amp;ldquo;Officials&amp;rdquo; and keep all three separate&lt;/p&gt;</mattext>
                </material>
              </response_label>
            </render_choice>
          </response_lid>
        </presentation>
        <resprocessing>
          <outcomes>
            <decvar maxvalue="100" minvalue="0" varname="SCORE" vartype="Decimal"/>
          </outcomes>
          <respcondition continue="No">
            <conditionvar>
              <varequal respident="response1">text2qti_choice_bc64ba48d637a6aa9f582ba35299d95495dacdaed6976495aa7e50f34ffa2829</varequal>
            </conditionvar>
            <setvar action="Set" varname="SCORE">100</setvar>
          </respcondition>
        </resprocessing>
      </item>
      <item ident="text2qti_question_3aa8131c624f24b0273f016627950fdf3bef625f7c9af6390e8b93f3b45fefe6" title="Question">
        <itemmetadata>
          <qtimetadata>
            <qtimetadatafield>
              <fieldlabel>question_type</fieldlabel>
              <fieldentry>multiple_choice_question</fieldentry>
            </qtimetadatafield>
            <qtimetadatafield>
              <fieldlabel>points_possible</fieldlabel>
              <fieldentry>1</fieldentry>
            </qtimetadatafield>
            <qtimetadatafield>
              <fieldlabel>original_answer_ids</fieldlabel>
              <fieldentry>text2qti_choice_75b54428f78b2036aa0ceb30d857dc62c22530e8d24bc84ef85bc0ee8841d11e,text2qti_choice_33d7af4aae6b66a8466c0e8c4f8bc008c315027b1ea0442e3fb6439623c0dfb8,text2qti_choice_c2c11ee8e1ebb33e06d34975283c5d2ac88581f7a2a17e3ffcb4a5fbeb1dd15f,text2qti_choice_44a60631f88d815ba8ec3a54265de60f7532cb56c689a1a8c01e4524b0030562</fieldentry>
            </qtimetadatafield>
            <qtimetadatafield>
              <fieldlabel>assessment_question_identifierref</fieldlabel>
              <fieldentry>text2qti_question_ref_3aa8131c624f24b0273f016627950fdf3bef625f7c9af6390e8b93f3b45fefe6</fieldentry>
            </qtimetadatafield>
          </qtimetadata>
        </itemmetadata>
        <presentation>
          <material>
            <mattext texttype="text/html">&lt;p&gt;In the diagram, each &amp;ldquo;Team&amp;rdquo; entity has a &amp;ldquo;Stadium&amp;rdquo; attribute. What should you consider doing?&lt;/p&gt;</mattext>
          </material>
          <response_lid ident="response1" rcardinality="Single">
            <render_choice>
              <response_label ident="text2qti_choice_75b54428f78b2036aa0ceb30d857dc62c22530e8d24bc84ef85bc0ee8841d11e">
                <material>
                  <mattext texttype="text/html">&lt;p&gt;Leave it as an attribute&lt;/p&gt;</mattext>
                </material>
              </response_label>
              <response_label ident="text2qti_choice_33d7af4aae6b66a8466c0e8c4f8bc008c315027b1ea0442e3fb6439623c0dfb8">
                <material>
                  <mattext texttype="text/html">&lt;p&gt;Turn &amp;ldquo;Stadium&amp;rdquo; into a separate entity and establish a relationship&lt;/p&gt;</mattext>
                </material>
              </response_label>
              <response_label ident="text2qti_choice_c2c11ee8e1ebb33e06d34975283c5d2ac88581f7a2a17e3ffcb4a5fbeb1dd15f">
                <material>
                  <mattext texttype="text/html">&lt;p&gt;Add &amp;ldquo;Stadium&amp;rdquo; as a derived attribute&lt;/p&gt;</mattext>
                </material>
              </response_label>
              <response_label ident="text2qti_choice_44a60631f88d815ba8ec3a54265de60f7532cb56c689a1a8c01e4524b0030562">
                <material>
                  <mattext texttype="text/html">&lt;p&gt;Make &amp;ldquo;Stadium&amp;rdquo; a weak entity under &amp;ldquo;Team&amp;rdquo;&lt;/p&gt;</mattext>
                </material>
              </response_label>
            </render_choice>
          </response_lid>
        </presentation>
        <resprocessing>
          <outcomes>
            <decvar maxvalue="100" minvalue="0" varname="SCORE" vartype="Decimal"/>
          </outcomes>
          <respcondition continue="No">
            <conditionvar>
              <varequal respident="response1">text2qti_choice_33d7af4aae6b66a8466c0e8c4f8bc008c315027b1ea0442e3fb6439623c0dfb8</varequal>
            </conditionvar>
            <setvar action="Set" varname="SCORE">100</setvar>
          </respcondition>
        </resprocessing>
      </item>
      <item ident="text2qti_question_00873712f308dbf9504c24f844800508533c201865f539a51ef48a0e07261fc4" title="Question">
        <itemmetadata>
          <qtimetadata>
            <qtimetadatafield>
              <fieldlabel>question_type</fieldlabel>
              <fieldentry>multiple_choice_question</fieldentry>
            </qtimetadatafield>
            <qtimetadatafield>
              <fieldlabel>points_possible</fieldlabel>
              <fieldentry>1</fieldentry>
            </qtimetadatafield>
            <qtimetadatafield>
              <fieldlabel>original_answer_ids</fieldlabel>
              <fieldentry>text2qti_choice_4aea268f9770dccb3dd340de239247997bb03c259c799ff042fb409e78f029d9,text2qti_choice_901c49b9ea58dd3964d1b8ee0f47b6ad95304af396ca5df9698f0b7527005cd5,text2qti_choice_20333898aa02e0ece09916c7936c6ea6cde6cd84d7db096b786f7c08dfb05219,text2qti_choice_365b25312865dbe6f5c33dd7f0524a584a567d150df1f730543df0e9b6789011</fieldentry>
            </qtimetadatafield>
            <qtimetadatafield>
              <fieldlabel>assessment_question_identifierref</fieldlabel>
              <fieldentry>text2qti_question_ref_00873712f308dbf9504c24f844800508533c201865f539a51ef48a0e07261fc4</fieldentry>
            </qtimetadatafield>
          </qtimetadata>
        </itemmetadata>
        <presentation>
          <material>
            <mattext texttype="text/html">&lt;p&gt;If there is a Many-to-Many relationship between &amp;ldquo;Players&amp;rdquo; and &amp;ldquo;Matches,&amp;rdquo; what could this imply?&lt;/p&gt;</mattext>
          </material>
          <response_lid ident="response1" rcardinality="Single">
            <render_choice>
              <response_label ident="text2qti_choice_4aea268f9770dccb3dd340de239247997bb03c259c799ff042fb409e78f029d9">
                <material>
                  <mattext texttype="text/html">&lt;p&gt;Each match has many players, and each player participates in many matches&lt;/p&gt;</mattext>
                </material>
              </response_label>
              <response_label ident="text2qti_choice_901c49b9ea58dd3964d1b8ee0f47b6ad95304af396ca5df9698f0b7527005cd5">
                <material>
                  <mattext texttype="text/html">&lt;p&gt;Each player plays in only one match, and each match includes only one player&lt;/p&gt;</mattext>
                </material>
              </response_label>
              <response_label ident="text2qti_choice_20333898aa02e0ece09916c7936c6ea6cde6cd84d7db096b786f7c08dfb05219">
                <material>
                  <mattext texttype="text/html">&lt;p&gt;Each match has one player, but each player can participate in many matches&lt;/p&gt;</mattext>
                </material>
              </response_label>
              <response_label ident="text2qti_choice_365b25312865dbe6f5c33dd7f0524a584a567d150df1f730543df0e9b6789011">
                <material>
                  <mattext texttype="text/html">&lt;p&gt;This is an erroneous representation and should be corrected&lt;/p&gt;</mattext>
                </material>
              </response_label>
            </render_choice>
          </response_lid>
        </presentation>
        <resprocessing>
          <outcomes>
            <decvar maxvalue="100" minvalue="0" varname="SCORE" vartype="Decimal"/>
          </outcomes>
          <respcondition continue="No">
            <conditionvar>
              <varequal respident="response1">text2qti_choice_4aea268f9770dccb3dd340de239247997bb03c259c799ff042fb409e78f029d9</varequal>
            </conditionvar>
            <setvar action="Set" varname="SCORE">100</setvar>
          </respcondition>
        </resprocessing>
      </item>
      <item ident="text2qti_question_79e194fca22adf22ce49564f90ddd06906a68be9cfd7e31e7800ff5e3990e0f7" title="Question">
        <itemmetadata>
          <qtimetadata>
            <qtimetadatafield>
              <fieldlabel>question_type</fieldlabel>
              <fieldentry>multiple_choice_question</fieldentry>
            </qtimetadatafield>
            <qtimetadatafield>
              <fieldlabel>points_possible</fieldlabel>
              <fieldentry>1</fieldentry>
            </qtimetadatafield>
            <qtimetadatafield>
              <fieldlabel>original_answer_ids</fieldlabel>
              <fieldentry>text2qti_choice_c625d875782d700ab375386dd48b77545b58dbfc9d7b12ea34de8993256f4e41,text2qti_choice_526a9767f60f791c994bf5221187982a8fc4a23e85f888caf71563cfaba0c8fa,text2qti_choice_7bbf3663091586cfa4562ad3e32b4ae4cb86bbd33b6b2568e2372e2ab28568a1,text2qti_choice_3a45b56ea3a6a2f54a301d44e0d78a1d1e0ebd7acaca0968c33cee9aa9971943</fieldentry>
            </qtimetadatafield>
            <qtimetadatafield>
              <fieldlabel>assessment_question_identifierref</fieldlabel>
              <fieldentry>text2qti_question_ref_79e194fca22adf22ce49564f90ddd06906a68be9cfd7e31e7800ff5e3990e0f7</fieldentry>
            </qtimetadatafield>
          </qtimetadata>
        </itemmetadata>
        <presentation>
          <material>
            <mattext texttype="text/html">&lt;p&gt;The &amp;ldquo;Matches&amp;rdquo; entity has attributes for &amp;ldquo;Home Team Score&amp;rdquo; and &amp;ldquo;Away Team Score.&amp;rdquo; What is a potential issue with this design?&lt;/p&gt;</mattext>
          </material>
          <response_lid ident="response1" rcardinality="Single">
            <render_choice>
              <response_label ident="text2qti_choice_c625d875782d700ab375386dd48b77545b58dbfc9d7b12ea34de8993256f4e41">
                <material>
                  <mattext texttype="text/html">&lt;p&gt;It makes the diagram too simple&lt;/p&gt;</mattext>
                </material>
              </response_label>
              <response_label ident="text2qti_choice_526a9767f60f791c994bf5221187982a8fc4a23e85f888caf71563cfaba0c8fa">
                <material>
                  <mattext texttype="text/html">&lt;p&gt;It could lead to redundant or conflicting data&lt;/p&gt;</mattext>
                </material>
              </response_label>
              <response_label ident="text2qti_choice_7bbf3663091586cfa4562ad3e32b4ae4cb86bbd33b6b2568e2372e2ab28568a1">
                <material>
                  <mattext texttype="text/html">&lt;p&gt;It will improve database performance&lt;/p&gt;</mattext>
                </material>
              </response_label>
              <response_label ident="text2qti_choice_3a45b56ea3a6a2f54a301d44e0d78a1d1e0ebd7acaca0968c33cee9aa9971943">
                <material>
                  <mattext texttype="text/html">&lt;p&gt;It makes the diagram easier to understand&lt;/p&gt;</mattext>
                </material>
              </response_label>
            </render_choice>
          </response_lid>
        </presentation>
        <resprocessing>
          <outcomes>
            <decvar maxvalue="100" minvalue="0" varname="SCORE" vartype="Decimal"/>
          </outcomes>
          <respcondition continue="No">
            <conditionvar>
              <varequal respident="response1">text2qti_choice_526a9767f60f791c994bf5221187982a8fc4a23e85f888caf71563cfaba0c8fa</varequal>
            </conditionvar>
            <setvar action="Set" varname="SCORE">100</setvar>
          </respcondition>
        </resprocessing>
      </item>
      <item ident="text2qti_question_9a2f1075a4aab347f51a876138267ae647c786216c30fd96d126ea50518d873f" title="Question">
        <itemmetadata>
          <qtimetadata>
            <qtimetadatafield>
              <fieldlabel>question_type</fieldlabel>
              <fieldentry>multiple_choice_question</fieldentry>
            </qtimetadatafield>
            <qtimetadatafield>
              <fieldlabel>points_possible</fieldlabel>
              <fieldentry>1</fieldentry>
            </qtimetadatafield>
            <qtimetadatafield>
              <fieldlabel>original_answer_ids</fieldlabel>
              <fieldentry>text2qti_choice_2cac200e57554b5a57af6f6b8ed8e458cd2ed7871fa8bca3919dd19fee225384,text2qti_choice_4b654b8870c367efe50fde7b1b4008529170b136b7cb063b89f8fe395f775711,text2qti_choice_494212a1a7a656f8842685349667c6b78bc40ff4e4db63c09ccd7f3fbe7a6a7b,text2qti_choice_a91154cad5b17609c703b34eb45ef6743581a2bd0018107121bceb071fd7ee36</fieldentry>
            </qtimetadatafield>
            <qtimetadatafield>
              <fieldlabel>assessment_question_identifierref</fieldlabel>
              <fieldentry>text2qti_question_ref_9a2f1075a4aab347f51a876138267ae647c786216c30fd96d126ea50518d873f</fieldentry>
            </qtimetadatafield>
          </qtimetadata>
        </itemmetadata>
        <presentation>
          <material>
            <mattext texttype="text/html">&lt;p&gt;If there is a relationship between &amp;ldquo;Players&amp;rdquo; and &amp;ldquo;Teams,&amp;rdquo; but no role labels are provided, what should be done?&lt;/p&gt;</mattext>
          </material>
          <response_lid ident="response1" rcardinality="Single">
            <render_choice>
              <response_label ident="text2qti_choice_2cac200e57554b5a57af6f6b8ed8e458cd2ed7871fa8bca3919dd19fee225384">
                <material>
                  <mattext texttype="text/html">&lt;p&gt;Assume a generic &amp;ldquo;belongs to&amp;rdquo; relationship&lt;/p&gt;</mattext>
                </material>
              </response_label>
              <response_label ident="text2qti_choice_4b654b8870c367efe50fde7b1b4008529170b136b7cb063b89f8fe395f775711">
                <material>
                  <mattext texttype="text/html">&lt;p&gt;Add role labels for clarification, like &amp;ldquo;plays for&amp;rdquo; or &amp;ldquo;captains&amp;rdquo;&lt;/p&gt;</mattext>
                </material>
              </response_label>
              <response_label ident="text2qti_choice_494212a1a7a656f8842685349667c6b78bc40ff4e4db63c09ccd7f3fbe7a6a7b">
                <material>
                  <mattext texttype="text/html">&lt;p&gt;Delete the relationship as it&amp;rsquo;s unclear&lt;/p&gt;</mattext>
                </material>
              </response_label>
              <response_label ident="text2qti_choice_a91154cad5b17609c703b34eb45ef6743581a2bd0018107121bceb071fd7ee36">
                <material>
                  <mattext texttype="text/html">&lt;p&gt;Add an attribute to the &amp;ldquo;Player&amp;rdquo; entity to describe the role&lt;/p&gt;</mattext>
                </material>
              </response_label>
            </render_choice>
          </response_lid>
        </presentation>
        <resprocessing>
          <outcomes>
            <decvar maxvalue="100" minvalue="0" varname="SCORE" vartype="Decimal"/>
          </outcomes>
          <respcondition continue="No">
            <conditionvar>
              <varequal respident="response1">text2qti_choice_4b654b8870c367efe50fde7b1b4008529170b136b7cb063b89f8fe395f775711</varequal>
            </conditionvar>
            <setvar action="Set" varname="SCORE">100</setvar>
          </respcondition>
        </resprocessing>
      </item>
      <item ident="text2qti_question_56b5aea05798e4855cf21293914bf2ed225c772c8ebeb5e0e64dd5252b5db147" title="Question">
        <itemmetadata>
          <qtimetadata>
            <qtimetadatafield>
              <fieldlabel>question_type</fieldlabel>
              <fieldentry>multiple_choice_question</fieldentry>
            </qtimetadatafield>
            <qtimetadatafield>
              <fieldlabel>points_possible</fieldlabel>
              <fieldentry>1</fieldentry>
            </qtimetadatafield>
            <qtimetadatafield>
              <fieldlabel>original_answer_ids</fieldlabel>
              <fieldentry>text2qti_choice_a30ba8c34be046b1d25da235f0a8343770e35a9d4e5f546a85a3b20af9ef04f9,text2qti_choice_8aaac26cdad1b905c7ed40c648fd74eedaed44614da7bb0c0dccacf9c936463b,text2qti_choice_7051257e72be65fcfb4fbfb1b86c03c51543494fa6035d6bdb7e3cca968dfb20,text2qti_choice_0a4a73c8d8e7c8d4b3f38b17c01b8c6d4e89afa8a065e9162433b2d575450d41</fieldentry>
            </qtimetadatafield>
            <qtimetadatafield>
              <fieldlabel>assessment_question_identifierref</fieldlabel>
              <fieldentry>text2qti_question_ref_56b5aea05798e4855cf21293914bf2ed225c772c8ebeb5e0e64dd5252b5db147</fieldentry>
            </qtimetadatafield>
          </qtimetadata>
        </itemmetadata>
        <presentation>
          <material>
            <mattext texttype="text/html">&lt;p&gt;Your ER diagram includes an entity for &amp;ldquo;Seasons,&amp;rdquo; but it only has a single attribute for the year. What might you consider doing?&lt;/p&gt;</mattext>
          </material>
          <response_lid ident="response1" rcardinality="Single">
            <render_choice>
              <response_label ident="text2qti_choice_a30ba8c34be046b1d25da235f0a8343770e35a9d4e5f546a85a3b20af9ef04f9">
                <material>
                  <mattext texttype="text/html">&lt;p&gt;Delete the &amp;ldquo;Seasons&amp;rdquo; entity as it is overly simplistic&lt;/p&gt;</mattext>
                </material>
              </response_label>
              <response_label ident="text2qti_choice_8aaac26cdad1b905c7ed40c648fd74eedaed44614da7bb0c0dccacf9c936463b">
                <material>
                  <mattext texttype="text/html">&lt;p&gt;Add more attributes like &amp;ldquo;Start Date&amp;rdquo; and &amp;ldquo;End Date&amp;rdquo;&lt;/p&gt;</mattext>
                </material>
              </response_label>
              <response_label ident="text2qti_choice_7051257e72be65fcfb4fbfb1b86c03c51543494fa6035d6bdb7e3cca968dfb20">
                <material>
                  <mattext texttype="text/html">&lt;p&gt;Merge it into the &amp;ldquo;Matches&amp;rdquo; entity&lt;/p&gt;</mattext>
                </material>
              </response_label>
              <response_label ident="text2qti_choice_0a4a73c8d8e7c8d4b3f38b17c01b8c6d4e89afa8a065e9162433b2d575450d41">
                <material>
                  <mattext texttype="text/html">&lt;p&gt;Create a relationship between &amp;ldquo;Seasons&amp;rdquo; and &amp;ldquo;Teams&amp;rdquo;&lt;/p&gt;</mattext>
                </material>
              </response_label>
            </render_choice>
          </response_lid>
        </presentation>
        <resprocessing>
          <outcomes>
            <decvar maxvalue="100" minvalue="0" varname="SCORE" vartype="Decimal"/>
          </outcomes>
          <respcondition continue="No">
            <conditionvar>
              <varequal respident="response1">text2qti_choice_8aaac26cdad1b905c7ed40c648fd74eedaed44614da7bb0c0dccacf9c936463b</varequal>
            </conditionvar>
            <setvar action="Set" varname="SCORE">100</setvar>
          </respcondition>
        </resprocessing>
      </item>
      <item ident="text2qti_question_eb9409fed5812067db2b3c0396fa951438e3adfc50c080c640b3f824b3345849" title="Question">
        <itemmetadata>
          <qtimetadata>
            <qtimetadatafield>
              <fieldlabel>question_type</fieldlabel>
              <fieldentry>multiple_choice_question</fieldentry>
            </qtimetadatafield>
            <qtimetadatafield>
              <fieldlabel>points_possible</fieldlabel>
              <fieldentry>1</fieldentry>
            </qtimetadatafield>
            <qtimetadatafield>
              <fieldlabel>original_answer_ids</fieldlabel>
              <fieldentry>text2qti_choice_d7fc23dae936920e2356e0b21aafda388e741c3394c2fafe6201489853905454,text2qti_choice_ef77bfb2cb69566c47207dc80f0acf981bfb67692278ec7a36e1503e91b9b1fa,text2qti_choice_6bcfde9810a5ab15435f2ff6a70723a9a65b7627d1844282a450a7239a5c0090,text2qti_choice_e9d7b4ec27d0aefab36823a385ec91e5421df60ccafa534f473f053fbdfa0503</fieldentry>
            </qtimetadatafield>
            <qtimetadatafield>
              <fieldlabel>assessment_question_identifierref</fieldlabel>
              <fieldentry>text2qti_question_ref_eb9409fed5812067db2b3c0396fa951438e3adfc50c080c640b3f824b3345849</fieldentry>
            </qtimetadatafield>
          </qtimetadata>
        </itemmetadata>
        <presentation>
          <material>
            <mattext texttype="text/html">&lt;p&gt;There is a ternary relationship between &amp;ldquo;Teams,&amp;rdquo; &amp;ldquo;Players,&amp;rdquo; and &amp;ldquo;Matches.&amp;rdquo; What could be a reason for this?&lt;/p&gt;</mattext>
          </material>
          <response_lid ident="response1" rcardinality="Single">
            <render_choice>
              <response_label ident="text2qti_choice_d7fc23dae936920e2356e0b21aafda388e741c3394c2fafe6201489853905454">
                <material>
                  <mattext texttype="text/html">&lt;p&gt;To record which player scored in which match for which team&lt;/p&gt;</mattext>
                </material>
              </response_label>
              <response_label ident="text2qti_choice_ef77bfb2cb69566c47207dc80f0acf981bfb67692278ec7a36e1503e91b9b1fa">
                <material>
                  <mattext texttype="text/html">&lt;p&gt;To identify the referees for each match&lt;/p&gt;</mattext>
                </material>
              </response_label>
              <response_label ident="text2qti_choice_6bcfde9810a5ab15435f2ff6a70723a9a65b7627d1844282a450a7239a5c0090">
                <material>
                  <mattext texttype="text/html">&lt;p&gt;To specify the stadium for each match&lt;/p&gt;</mattext>
                </material>
              </response_label>
              <response_label ident="text2qti_choice_e9d7b4ec27d0aefab36823a385ec91e5421df60ccafa534f473f053fbdfa0503">
                <material>
                  <mattext texttype="text/html">&lt;p&gt;This is likely an error and should be simplified&lt;/p&gt;</mattext>
                </material>
              </response_label>
            </render_choice>
          </response_lid>
        </presentation>
        <resprocessing>
          <outcomes>
            <decvar maxvalue="100" minvalue="0" varname="SCORE" vartype="Decimal"/>
          </outcomes>
          <respcondition continue="No">
            <conditionvar>
              <varequal respident="response1">text2qti_choice_d7fc23dae936920e2356e0b21aafda388e741c3394c2fafe6201489853905454</varequal>
            </conditionvar>
            <setvar action="Set" varname="SCORE">100</setvar>
          </respcondition>
        </resprocessing>
      </item>
      <item ident="text2qti_question_6850a5ed841d7e4a87afb772d2dfaa8bdffda62dce2ea13811a74d5fb46f580d" title="Question">
        <itemmetadata>
          <qtimetadata>
            <qtimetadatafield>
              <fieldlabel>question_type</fieldlabel>
              <fieldentry>multiple_choice_question</fieldentry>
            </qtimetadatafield>
            <qtimetadatafield>
              <fieldlabel>points_possible</fieldlabel>
              <fieldentry>1</fieldentry>
            </qtimetadatafield>
            <qtimetadatafield>
              <fieldlabel>original_answer_ids</fieldlabel>
              <fieldentry>text2qti_choice_5e83564cb9e1a94cc6ea14a4c7cb5e8d8564253fb2c68f79cbad99ef10b12227,text2qti_choice_fff3df3fde72ecba4eeabd80182cac88a5fc71a9d08b637d796cca2a8d495942,text2qti_choice_f453b8b1f5831c55e6520b90baaf080d58a8356fae6190facf94fbee2924906d,text2qti_choice_750455e3067f20c468b79ba2f19eb12e031b481959cd0f68f2bd3cebda3a4287</fieldentry>
            </qtimetadatafield>
            <qtimetadatafield>
              <fieldlabel>assessment_question_identifierref</fieldlabel>
              <fieldentry>text2qti_question_ref_6850a5ed841d7e4a87afb772d2dfaa8bdffda62dce2ea13811a74d5fb46f580d</fieldentry>
            </qtimetadatafield>
          </qtimetadata>
        </itemmetadata>
        <presentation>
          <material>
            <mattext texttype="text/html">&lt;p&gt;What should you consider if the &amp;ldquo;Matches&amp;rdquo; entity has several derived attributes like &amp;ldquo;Winning Team,&amp;rdquo; &amp;ldquo;Losing Team,&amp;rdquo; and &amp;ldquo;Draw&amp;rdquo;?&lt;/p&gt;</mattext>
          </material>
          <response_lid ident="response1" rcardinality="Single">
            <render_choice>
              <response_label ident="text2qti_choice_5e83564cb9e1a94cc6ea14a4c7cb5e8d8564253fb2c68f79cbad99ef10b12227">
                <material>
                  <mattext texttype="text/html">&lt;p&gt;Keep them to simplify queries&lt;/p&gt;</mattext>
                </material>
              </response_label>
              <response_label ident="text2qti_choice_fff3df3fde72ecba4eeabd80182cac88a5fc71a9d08b637d796cca2a8d495942">
                <material>
                  <mattext texttype="text/html">&lt;p&gt;Remove them and calculate these in queries to avoid redundancy&lt;/p&gt;</mattext>
                </material>
              </response_label>
              <response_label ident="text2qti_choice_f453b8b1f5831c55e6520b90baaf080d58a8356fae6190facf94fbee2924906d">
                <material>
                  <mattext texttype="text/html">&lt;p&gt;Convert them into separate entities&lt;/p&gt;</mattext>
                </material>
              </response_label>
              <response_label ident="text2qti_choice_750455e3067f20c468b79ba2f19eb12e031b481959cd0f68f2bd3cebda3a4287">
                <material>
                  <mattext texttype="text/html">&lt;p&gt;Make them composite attributes&lt;/p&gt;</mattext>
                </material>
              </response_label>
            </render_choice>
          </response_lid>
        </presentation>
        <resprocessing>
          <outcomes>
            <decvar maxvalue="100" minvalue="0" varname="SCORE" vartype="Decimal"/>
          </outcomes>
          <respcondition continue="No">
            <conditionvar>
              <varequal respident="response1">text2qti_choice_fff3df3fde72ecba4eeabd80182cac88a5fc71a9d08b637d796cca2a8d495942</varequal>
            </conditionvar>
            <setvar action="Set" varname="SCORE">100</setvar>
          </respcondition>
        </resprocessing>
      </item>
      <item ident="text2qti_question_df7c8c1506d07b5e556acd974a9aa11465a45ef0295db04519c8376e7cf9ac0c" title="Question">
        <itemmetadata>
          <qtimetadata>
            <qtimetadatafield>
              <fieldlabel>question_type</fieldlabel>
              <fieldentry>multiple_choice_question</fieldentry>
            </qtimetadatafield>
            <qtimetadatafield>
              <fieldlabel>points_possible</fieldlabel>
              <fieldentry>1</fieldentry>
            </qtimetadatafield>
            <qtimetadatafield>
              <fieldlabel>original_answer_ids</fieldlabel>
              <fieldentry>text2qti_choice_e029b0f1a49fc63232e5ac5d1a13d169d9aab272ab857e2bd66282af41711dbc,text2qti_choice_de9b953007773f7e713f557ebf30013668893037a727b00589d95cfdb152957a,text2qti_choice_f78863bcb6b0cd9c5c85e558a2300e79051cfc18b7b0cbf55ea40dcc944556c6,text2qti_choice_d8d9dc42dce47a3fca95ee940dde0b3d33c55f6f1e8459d6ff67480cc762ebbb</fieldentry>
            </qtimetadatafield>
            <qtimetadatafield>
              <fieldlabel>assessment_question_identifierref</fieldlabel>
              <fieldentry>text2qti_question_ref_df7c8c1506d07b5e556acd974a9aa11465a45ef0295db04519c8376e7cf9ac0c</fieldentry>
            </qtimetadatafield>
          </qtimetadata>
        </itemmetadata>
        <presentation>
          <material>
            <mattext texttype="text/html">&lt;p&gt;There is an attribute for &amp;ldquo;MVP&amp;rdquo; (Most Valuable Player) in the &amp;ldquo;Matches&amp;rdquo; entity. What is a better way to model this?&lt;/p&gt;</mattext>
          </material>
          <response_lid ident="response1" rcardinality="Single">
            <render_choice>
              <response_label ident="text2qti_choice_e029b0f1a49fc63232e5ac5d1a13d169d9aab272ab857e2bd66282af41711dbc">
                <material>
                  <mattext texttype="text/html">&lt;p&gt;Make &amp;ldquo;MVP&amp;rdquo; a separate entity&lt;/p&gt;</mattext>
                </material>
              </response_label>
              <response_label ident="text2qti_choice_de9b953007773f7e713f557ebf30013668893037a727b00589d95cfdb152957a">
                <material>
                  <mattext texttype="text/html">&lt;p&gt;Add &amp;ldquo;MVP&amp;rdquo; as an attribute in the &amp;ldquo;Players&amp;rdquo; entity&lt;/p&gt;</mattext>
                </material>
              </response_label>
              <response_label ident="text2qti_choice_f78863bcb6b0cd9c5c85e558a2300e79051cfc18b7b0cbf55ea40dcc944556c6">
                <material>
                  <mattext texttype="text/html">&lt;p&gt;Create a relationship between &amp;ldquo;Matches&amp;rdquo; and &amp;ldquo;Players&amp;rdquo; specifically for &amp;ldquo;MVP&amp;rdquo;&lt;/p&gt;</mattext>
                </material>
              </response_label>
              <response_label ident="text2qti_choice_d8d9dc42dce47a3fca95ee940dde0b3d33c55f6f1e8459d6ff67480cc762ebbb">
                <material>
                  <mattext texttype="text/html">&lt;p&gt;Make it a composite attribute under &amp;ldquo;Matches&amp;rdquo;&lt;/p&gt;</mattext>
                </material>
              </response_label>
            </render_choice>
          </response_lid>
        </presentation>
        <resprocessing>
          <outcomes>
            <decvar maxvalue="100" minvalue="0" varname="SCORE" vartype="Decimal"/>
          </outcomes>
          <respcondition continue="No">
            <conditionvar>
              <varequal respident="response1">text2qti_choice_f78863bcb6b0cd9c5c85e558a2300e79051cfc18b7b0cbf55ea40dcc944556c6</varequal>
            </conditionvar>
            <setvar action="Set" varname="SCORE">100</setvar>
          </respcondition>
        </resprocessing>
      </item>
      <item ident="text2qti_question_47a424144d884021e0f871ebf1a326a22268d27f438412b8353d639f5eed6744" title="Question">
        <itemmetadata>
          <qtimetadata>
            <qtimetadatafield>
              <fieldlabel>question_type</fieldlabel>
              <fieldentry>multiple_choice_question</fieldentry>
            </qtimetadatafield>
            <qtimetadatafield>
              <fieldlabel>points_possible</fieldlabel>
              <fieldentry>1</fieldentry>
            </qtimetadatafield>
            <qtimetadatafield>
              <fieldlabel>original_answer_ids</fieldlabel>
              <fieldentry>text2qti_choice_d08eb17fe1dbea2cc39f97920cadab24c2dbf96547be1124cc6b1d1382b9e810,text2qti_choice_be457c50261a4257c08b8653d7073314ebdfaf60f8892206573de668addb0243,text2qti_choice_5dac25cff3a8799c1f0aaa530e064896e323a6c2ff54982165df3e1b9c8f9f6b,text2qti_choice_85e523fb03df96bd40fbae041775cf7221c26edab65fbc01fdde9a7aff85298b</fieldentry>
            </qtimetadatafield>
            <qtimetadatafield>
              <fieldlabel>assessment_question_identifierref</fieldlabel>
              <fieldentry>text2qti_question_ref_47a424144d884021e0f871ebf1a326a22268d27f438412b8353d639f5eed6744</fieldentry>
            </qtimetadatafield>
          </qtimetadata>
        </itemmetadata>
        <presentation>
          <material>
            <mattext texttype="text/html">&lt;p&gt;If &amp;ldquo;Matches&amp;rdquo; has a Many-to-One relationship with &amp;ldquo;Stadium,&amp;rdquo; what does this imply?&lt;/p&gt;</mattext>
          </material>
          <response_lid ident="response1" rcardinality="Single">
            <render_choice>
              <response_label ident="text2qti_choice_d08eb17fe1dbea2cc39f97920cadab24c2dbf96547be1124cc6b1d1382b9e810">
                <material>
                  <mattext texttype="text/html">&lt;p&gt;A match can be played in multiple stadiums&lt;/p&gt;</mattext>
                </material>
              </response_label>
              <response_label ident="text2qti_choice_be457c50261a4257c08b8653d7073314ebdfaf60f8892206573de668addb0243">
                <material>
                  <mattext texttype="text/html">&lt;p&gt;Each stadium can host multiple matches, but each match is played in one stadium&lt;/p&gt;</mattext>
                </material>
              </response_label>
              <response_label ident="text2qti_choice_5dac25cff3a8799c1f0aaa530e064896e323a6c2ff54982165df3e1b9c8f9f6b">
                <material>
                  <mattext texttype="text/html">&lt;p&gt;Each match can only be played in one stadium, and each stadium can host only one match&lt;/p&gt;</mattext>
                </material>
              </response_label>
              <response_label ident="text2qti_choice_85e523fb03df96bd40fbae041775cf7221c26edab65fbc01fdde9a7aff85298b">
                <material>
                  <mattext texttype="text/html">&lt;p&gt;This relationship is incorrect and should be modified&lt;/p&gt;</mattext>
                </material>
              </response_label>
            </render_choice>
          </response_lid>
        </presentation>
        <resprocessing>
          <outcomes>
            <decvar maxvalue="100" minvalue="0" varname="SCORE" vartype="Decimal"/>
          </outcomes>
          <respcondition continue="No">
            <conditionvar>
              <varequal respident="response1">text2qti_choice_be457c50261a4257c08b8653d7073314ebdfaf60f8892206573de668addb0243</varequal>
            </conditionvar>
            <setvar action="Set" varname="SCORE">100</setvar>
          </respcondition>
        </resprocessing>
      </item>
    </section>
  </assessment>
</questestinterop>
